uniprot,protein_variant,am_pathogenicity,am_class,gene,resnum
Q7Z4B0,M1A,0.7704,pathogenic,TTC21B,1.0
Q7Z4B0,M1C,0.6754,pathogenic,TTC21B,1.0
Q7Z4B0,M1D,0.9406,pathogenic,TTC21B,1.0
Q7Z4B0,M1E,0.8095,pathogenic,TTC21B,1.0
Q7Z4B0,M1F,0.5143,ambiguous,TTC21B,1.0
Q7Z4B0,M1G,0.8898,pathogenic,TTC21B,1.0
Q7Z4B0,M1H,0.7975,pathogenic,TTC21B,1.0
Q7Z4B0,M1I,0.7014,pathogenic,TTC21B,1.0
Q7Z4B0,M1K,0.6732,pathogenic,TTC21B,1.0
Q7Z4B0,M1L,0.3828,ambiguous,TTC21B,1.0
Q7Z4B0,M1N,0.7839,pathogenic,TTC21B,1.0
Q7Z4B0,M1P,0.8972,pathogenic,TTC21B,1.0
Q7Z4B0,M1Q,0.5089,ambiguous,TTC21B,1.0
Q7Z4B0,M1R,0.6406,pathogenic,TTC21B,1.0
Q7Z4B0,M1S,0.7256,pathogenic,TTC21B,1.0
Q7Z4B0,M1T,0.6474,pathogenic,TTC21B,1.0
Q7Z4B0,M1V,0.269,benign,TTC21B,1.0
Q7Z4B0,M1W,0.7556,pathogenic,TTC21B,1.0
Q7Z4B0,M1Y,0.7953,pathogenic,TTC21B,1.0
Q7Z4B0,I2A,0.7112,pathogenic,TTC21B,2.0
Q7Z4B0,I2C,0.879,pathogenic,TTC21B,2.0
Q7Z4B0,I2D,0.7911,pathogenic,TTC21B,2.0
Q7Z4B0,I2E,0.6772,pathogenic,TTC21B,2.0
Q7Z4B0,I2F,0.2863,benign,TTC21B,2.0
Q7Z4B0,I2G,0.8643,pathogenic,TTC21B,2.0
Q7Z4B0,I2H,0.7721,pathogenic,TTC21B,2.0
Q7Z4B0,I2K,0.5192,ambiguous,TTC21B,2.0
Q7Z4B0,I2L,0.2814,benign,TTC21B,2.0
Q7Z4B0,I2M,0.1598,benign,TTC21B,2.0
Q7Z4B0,I2N,0.4134,ambiguous,TTC21B,2.0
Q7Z4B0,I2P,0.811,pathogenic,TTC21B,2.0
Q7Z4B0,I2Q,0.5816,pathogenic,TTC21B,2.0
Q7Z4B0,I2R,0.4683,ambiguous,TTC21B,2.0
Q7Z4B0,I2S,0.5975,pathogenic,TTC21B,2.0
Q7Z4B0,I2T,0.5903,pathogenic,TTC21B,2.0
Q7Z4B0,I2V,0.2365,benign,TTC21B,2.0
Q7Z4B0,I2W,0.8343,pathogenic,TTC21B,2.0
Q7Z4B0,I2Y,0.7111,pathogenic,TTC21B,2.0
Q7Z4B0,N3A,0.6531,pathogenic,TTC21B,3.0
Q7Z4B0,N3C,0.5835,pathogenic,TTC21B,3.0
Q7Z4B0,N3D,0.1186,benign,TTC21B,3.0
Q7Z4B0,N3E,0.5848,pathogenic,TTC21B,3.0
Q7Z4B0,N3F,0.7597,pathogenic,TTC21B,3.0
Q7Z4B0,N3G,0.5911,pathogenic,TTC21B,3.0
Q7Z4B0,N3H,0.1888,benign,TTC21B,3.0
Q7Z4B0,N3I,0.5747,pathogenic,TTC21B,3.0
Q7Z4B0,N3K,0.6394,pathogenic,TTC21B,3.0
Q7Z4B0,N3L,0.6186,pathogenic,TTC21B,3.0
Q7Z4B0,N3M,0.8083,pathogenic,TTC21B,3.0
Q7Z4B0,N3P,0.7079,pathogenic,TTC21B,3.0
Q7Z4B0,N3Q,0.6208,pathogenic,TTC21B,3.0
Q7Z4B0,N3R,0.5674,pathogenic,TTC21B,3.0
Q7Z4B0,N3S,0.1496,benign,TTC21B,3.0
Q7Z4B0,N3T,0.3611,ambiguous,TTC21B,3.0
Q7Z4B0,N3V,0.6998,pathogenic,TTC21B,3.0
Q7Z4B0,N3W,0.8476,pathogenic,TTC21B,3.0
Q7Z4B0,N3Y,0.327,benign,TTC21B,3.0
Q7Z4B0,L4A,0.6376,pathogenic,TTC21B,4.0
Q7Z4B0,L4C,0.8502,pathogenic,TTC21B,4.0
Q7Z4B0,L4D,0.8542,pathogenic,TTC21B,4.0
Q7Z4B0,L4E,0.5535,ambiguous,TTC21B,4.0
Q7Z4B0,L4F,0.3671,ambiguous,TTC21B,4.0
Q7Z4B0,L4G,0.805,pathogenic,TTC21B,4.0
Q7Z4B0,L4H,0.5516,ambiguous,TTC21B,4.0
Q7Z4B0,L4I,0.1828,benign,TTC21B,4.0
Q7Z4B0,L4K,0.423,ambiguous,TTC21B,4.0
Q7Z4B0,L4M,0.2945,benign,TTC21B,4.0
Q7Z4B0,L4N,0.7208,pathogenic,TTC21B,4.0
Q7Z4B0,L4P,0.6477,pathogenic,TTC21B,4.0
Q7Z4B0,L4Q,0.331,benign,TTC21B,4.0
Q7Z4B0,L4R,0.3444,ambiguous,TTC21B,4.0
Q7Z4B0,L4S,0.6977,pathogenic,TTC21B,4.0
Q7Z4B0,L4T,0.509,ambiguous,TTC21B,4.0
Q7Z4B0,L4V,0.2915,benign,TTC21B,4.0
Q7Z4B0,L4W,0.4425,ambiguous,TTC21B,4.0
Q7Z4B0,L4Y,0.7516,pathogenic,TTC21B,4.0
Q7Z4B0,H5A,0.8998,pathogenic,TTC21B,5.0
Q7Z4B0,H5C,0.6096,pathogenic,TTC21B,5.0
Q7Z4B0,H5D,0.7356,pathogenic,TTC21B,5.0
Q7Z4B0,H5E,0.8108,pathogenic,TTC21B,5.0
Q7Z4B0,H5F,0.8038,pathogenic,TTC21B,5.0
Q7Z4B0,H5G,0.8329,pathogenic,TTC21B,5.0
Q7Z4B0,H5I,0.9061,pathogenic,TTC21B,5.0
Q7Z4B0,H5K,0.6549,pathogenic,TTC21B,5.0
Q7Z4B0,H5L,0.6421,pathogenic,TTC21B,5.0
Q7Z4B0,H5M,0.9523,pathogenic,TTC21B,5.0
Q7Z4B0,H5N,0.4125,ambiguous,TTC21B,5.0
Q7Z4B0,H5P,0.4327,ambiguous,TTC21B,5.0
Q7Z4B0,H5Q,0.5519,ambiguous,TTC21B,5.0
Q7Z4B0,H5R,0.3364,benign,TTC21B,5.0
Q7Z4B0,H5S,0.677,pathogenic,TTC21B,5.0
Q7Z4B0,H5T,0.8764,pathogenic,TTC21B,5.0
Q7Z4B0,H5V,0.9097,pathogenic,TTC21B,5.0
Q7Z4B0,H5W,0.5798,pathogenic,TTC21B,5.0
Q7Z4B0,H5Y,0.2906,benign,TTC21B,5.0
Q7Z4B0,R6A,0.6219,pathogenic,TTC21B,6.0
Q7Z4B0,R6C,0.3068,benign,TTC21B,6.0
Q7Z4B0,R6D,0.8685,pathogenic,TTC21B,6.0
Q7Z4B0,R6E,0.6512,pathogenic,TTC21B,6.0
Q7Z4B0,R6F,0.5843,pathogenic,TTC21B,6.0
Q7Z4B0,R6G,0.4793,ambiguous,TTC21B,6.0
Q7Z4B0,R6H,0.2043,benign,TTC21B,6.0
Q7Z4B0,R6I,0.1594,benign,TTC21B,6.0
Q7Z4B0,R6K,0.2402,benign,TTC21B,6.0
Q7Z4B0,R6L,0.3554,ambiguous,TTC21B,6.0
Q7Z4B0,R6M,0.4119,ambiguous,TTC21B,6.0
Q7Z4B0,R6N,0.6942,pathogenic,TTC21B,6.0
Q7Z4B0,R6P,0.7575,pathogenic,TTC21B,6.0
Q7Z4B0,R6Q,0.1886,benign,TTC21B,6.0
Q7Z4B0,R6S,0.5542,ambiguous,TTC21B,6.0
Q7Z4B0,R6T,0.354,ambiguous,TTC21B,6.0
Q7Z4B0,R6V,0.4474,ambiguous,TTC21B,6.0
Q7Z4B0,R6W,0.3067,benign,TTC21B,6.0
Q7Z4B0,R6Y,0.5386,ambiguous,TTC21B,6.0
Q7Z4B0,L7A,0.6082,pathogenic,TTC21B,7.0
Q7Z4B0,L7C,0.7134,pathogenic,TTC21B,7.0
Q7Z4B0,L7D,0.8582,pathogenic,TTC21B,7.0
Q7Z4B0,L7E,0.5976,pathogenic,TTC21B,7.0
Q7Z4B0,L7F,0.4803,ambiguous,TTC21B,7.0
Q7Z4B0,L7G,0.7736,pathogenic,TTC21B,7.0
Q7Z4B0,L7H,0.5318,ambiguous,TTC21B,7.0
Q7Z4B0,L7I,0.215,benign,TTC21B,7.0
Q7Z4B0,L7K,0.3499,ambiguous,TTC21B,7.0
Q7Z4B0,L7M,0.367,ambiguous,TTC21B,7.0
Q7Z4B0,L7N,0.6909,pathogenic,TTC21B,7.0
Q7Z4B0,L7P,0.6394,pathogenic,TTC21B,7.0
Q7Z4B0,L7Q,0.3094,benign,TTC21B,7.0
Q7Z4B0,L7R,0.1841,benign,TTC21B,7.0
Q7Z4B0,L7S,0.7885,pathogenic,TTC21B,7.0
Q7Z4B0,L7T,0.5961,pathogenic,TTC21B,7.0
Q7Z4B0,L7V,0.2878,benign,TTC21B,7.0
Q7Z4B0,L7W,0.5083,ambiguous,TTC21B,7.0
Q7Z4B0,L7Y,0.7128,pathogenic,TTC21B,7.0
Q7Z4B0,C8A,0.7456,pathogenic,TTC21B,8.0
Q7Z4B0,C8D,0.9725,pathogenic,TTC21B,8.0
Q7Z4B0,C8E,0.9824,pathogenic,TTC21B,8.0
Q7Z4B0,C8F,0.4287,ambiguous,TTC21B,8.0
Q7Z4B0,C8G,0.4678,ambiguous,TTC21B,8.0
Q7Z4B0,C8H,0.9181,pathogenic,TTC21B,8.0
Q7Z4B0,C8I,0.8093,pathogenic,TTC21B,8.0
Q7Z4B0,C8K,0.9818,pathogenic,TTC21B,8.0
Q7Z4B0,C8L,0.7351,pathogenic,TTC21B,8.0
Q7Z4B0,C8M,0.8758,pathogenic,TTC21B,8.0
Q7Z4B0,C8N,0.9185,pathogenic,TTC21B,8.0
Q7Z4B0,C8P,0.9694,pathogenic,TTC21B,8.0
Q7Z4B0,C8Q,0.9491,pathogenic,TTC21B,8.0
Q7Z4B0,C8R,0.8859,pathogenic,TTC21B,8.0
Q7Z4B0,C8S,0.6514,pathogenic,TTC21B,8.0
Q7Z4B0,C8T,0.7894,pathogenic,TTC21B,8.0
Q7Z4B0,C8V,0.7113,pathogenic,TTC21B,8.0
Q7Z4B0,C8W,0.7994,pathogenic,TTC21B,8.0
Q7Z4B0,C8Y,0.7033,pathogenic,TTC21B,8.0
Q7Z4B0,I9A,0.7743,pathogenic,TTC21B,9.0
Q7Z4B0,I9C,0.9132,pathogenic,TTC21B,9.0
Q7Z4B0,I9D,0.9607,pathogenic,TTC21B,9.0
Q7Z4B0,I9E,0.9409,pathogenic,TTC21B,9.0
Q7Z4B0,I9F,0.3812,ambiguous,TTC21B,9.0
Q7Z4B0,I9G,0.9452,pathogenic,TTC21B,9.0
Q7Z4B0,I9H,0.9334,pathogenic,TTC21B,9.0
Q7Z4B0,I9K,0.8526,pathogenic,TTC21B,9.0
Q7Z4B0,I9L,0.2902,benign,TTC21B,9.0
Q7Z4B0,I9M,0.2348,benign,TTC21B,9.0
Q7Z4B0,I9N,0.7554,pathogenic,TTC21B,9.0
Q7Z4B0,I9P,0.9571,pathogenic,TTC21B,9.0
Q7Z4B0,I9Q,0.8867,pathogenic,TTC21B,9.0
Q7Z4B0,I9R,0.8168,pathogenic,TTC21B,9.0
Q7Z4B0,I9S,0.6933,pathogenic,TTC21B,9.0
Q7Z4B0,I9T,0.6447,pathogenic,TTC21B,9.0
Q7Z4B0,I9V,0.2145,benign,TTC21B,9.0
Q7Z4B0,I9W,0.9553,pathogenic,TTC21B,9.0
Q7Z4B0,I9Y,0.8944,pathogenic,TTC21B,9.0
Q7Z4B0,I10A,0.8523,pathogenic,TTC21B,10.0
Q7Z4B0,I10C,0.9316,pathogenic,TTC21B,10.0
Q7Z4B0,I10D,0.976,pathogenic,TTC21B,10.0
Q7Z4B0,I10E,0.9549,pathogenic,TTC21B,10.0
Q7Z4B0,I10F,0.3365,benign,TTC21B,10.0
Q7Z4B0,I10G,0.9599,pathogenic,TTC21B,10.0
Q7Z4B0,I10H,0.9353,pathogenic,TTC21B,10.0
Q7Z4B0,I10K,0.8899,pathogenic,TTC21B,10.0
Q7Z4B0,I10L,0.3201,benign,TTC21B,10.0
Q7Z4B0,I10M,0.3281,benign,TTC21B,10.0
Q7Z4B0,I10N,0.8018,pathogenic,TTC21B,10.0
Q7Z4B0,I10P,0.9483,pathogenic,TTC21B,10.0
Q7Z4B0,I10Q,0.8926,pathogenic,TTC21B,10.0
Q7Z4B0,I10R,0.8538,pathogenic,TTC21B,10.0
Q7Z4B0,I10S,0.7372,pathogenic,TTC21B,10.0
Q7Z4B0,I10T,0.6561,pathogenic,TTC21B,10.0
Q7Z4B0,I10V,0.3286,benign,TTC21B,10.0
Q7Z4B0,I10W,0.9403,pathogenic,TTC21B,10.0
Q7Z4B0,I10Y,0.8669,pathogenic,TTC21B,10.0
Q7Z4B0,H11A,0.8498,pathogenic,TTC21B,11.0
Q7Z4B0,H11C,0.5062,ambiguous,TTC21B,11.0
Q7Z4B0,H11D,0.8275,pathogenic,TTC21B,11.0
Q7Z4B0,H11E,0.9122,pathogenic,TTC21B,11.0
Q7Z4B0,H11F,0.751,pathogenic,TTC21B,11.0
Q7Z4B0,H11G,0.89,pathogenic,TTC21B,11.0
Q7Z4B0,H11I,0.8957,pathogenic,TTC21B,11.0
Q7Z4B0,H11K,0.8576,pathogenic,TTC21B,11.0
Q7Z4B0,H11L,0.5963,pathogenic,TTC21B,11.0
Q7Z4B0,H11M,0.9185,pathogenic,TTC21B,11.0
Q7Z4B0,H11N,0.4892,ambiguous,TTC21B,11.0
Q7Z4B0,H11P,0.6616,pathogenic,TTC21B,11.0
Q7Z4B0,H11Q,0.7807,pathogenic,TTC21B,11.0
Q7Z4B0,H11R,0.6335,pathogenic,TTC21B,11.0
Q7Z4B0,H11S,0.6747,pathogenic,TTC21B,11.0
Q7Z4B0,H11T,0.8335,pathogenic,TTC21B,11.0
Q7Z4B0,H11V,0.8689,pathogenic,TTC21B,11.0
Q7Z4B0,H11W,0.7274,pathogenic,TTC21B,11.0
Q7Z4B0,H11Y,0.3464,ambiguous,TTC21B,11.0
Q7Z4B0,V12A,0.627,pathogenic,TTC21B,12.0
Q7Z4B0,V12C,0.957,pathogenic,TTC21B,12.0
Q7Z4B0,V12D,0.9685,pathogenic,TTC21B,12.0
Q7Z4B0,V12E,0.9363,pathogenic,TTC21B,12.0
Q7Z4B0,V12F,0.6378,pathogenic,TTC21B,12.0
Q7Z4B0,V12G,0.7151,pathogenic,TTC21B,12.0
Q7Z4B0,V12H,0.9841,pathogenic,TTC21B,12.0
Q7Z4B0,V12I,0.1804,benign,TTC21B,12.0
Q7Z4B0,V12K,0.9406,pathogenic,TTC21B,12.0
Q7Z4B0,V12L,0.6385,pathogenic,TTC21B,12.0
Q7Z4B0,V12M,0.5748,pathogenic,TTC21B,12.0
Q7Z4B0,V12N,0.9487,pathogenic,TTC21B,12.0
Q7Z4B0,V12P,0.9802,pathogenic,TTC21B,12.0
Q7Z4B0,V12Q,0.9349,pathogenic,TTC21B,12.0
Q7Z4B0,V12R,0.9034,pathogenic,TTC21B,12.0
Q7Z4B0,V12S,0.8228,pathogenic,TTC21B,12.0
Q7Z4B0,V12T,0.6091,pathogenic,TTC21B,12.0
Q7Z4B0,V12W,0.9912,pathogenic,TTC21B,12.0
Q7Z4B0,V12Y,0.9683,pathogenic,TTC21B,12.0
Q7Z4B0,V13A,0.4953,ambiguous,TTC21B,13.0
Q7Z4B0,V13C,0.9018,pathogenic,TTC21B,13.0
Q7Z4B0,V13D,0.974,pathogenic,TTC21B,13.0
Q7Z4B0,V13E,0.9331,pathogenic,TTC21B,13.0
Q7Z4B0,V13F,0.4905,ambiguous,TTC21B,13.0
Q7Z4B0,V13G,0.6297,pathogenic,TTC21B,13.0
Q7Z4B0,V13H,0.9844,pathogenic,TTC21B,13.0
Q7Z4B0,V13I,0.1949,benign,TTC21B,13.0
Q7Z4B0,V13K,0.9454,pathogenic,TTC21B,13.0
Q7Z4B0,V13L,0.5509,ambiguous,TTC21B,13.0
Q7Z4B0,V13M,0.5332,ambiguous,TTC21B,13.0
Q7Z4B0,V13N,0.9537,pathogenic,TTC21B,13.0
Q7Z4B0,V13P,0.9598,pathogenic,TTC21B,13.0
Q7Z4B0,V13Q,0.9362,pathogenic,TTC21B,13.0
Q7Z4B0,V13R,0.9063,pathogenic,TTC21B,13.0
Q7Z4B0,V13S,0.7287,pathogenic,TTC21B,13.0
Q7Z4B0,V13T,0.5145,ambiguous,TTC21B,13.0
Q7Z4B0,V13W,0.9828,pathogenic,TTC21B,13.0
Q7Z4B0,V13Y,0.9561,pathogenic,TTC21B,13.0
Q7Z4B0,A14C,0.8118,pathogenic,TTC21B,14.0
Q7Z4B0,A14D,0.9544,pathogenic,TTC21B,14.0
Q7Z4B0,A14E,0.9087,pathogenic,TTC21B,14.0
Q7Z4B0,A14F,0.8066,pathogenic,TTC21B,14.0
Q7Z4B0,A14G,0.4317,ambiguous,TTC21B,14.0
Q7Z4B0,A14H,0.9784,pathogenic,TTC21B,14.0
Q7Z4B0,A14I,0.7328,pathogenic,TTC21B,14.0
Q7Z4B0,A14K,0.9814,pathogenic,TTC21B,14.0
Q7Z4B0,A14L,0.5667,pathogenic,TTC21B,14.0
Q7Z4B0,A14M,0.6672,pathogenic,TTC21B,14.0
Q7Z4B0,A14N,0.9326,pathogenic,TTC21B,14.0
Q7Z4B0,A14P,0.903,pathogenic,TTC21B,14.0
Q7Z4B0,A14Q,0.931,pathogenic,TTC21B,14.0
Q7Z4B0,A14R,0.9632,pathogenic,TTC21B,14.0
Q7Z4B0,A14S,0.2572,benign,TTC21B,14.0
Q7Z4B0,A14T,0.2902,benign,TTC21B,14.0
Q7Z4B0,A14V,0.414,ambiguous,TTC21B,14.0
Q7Z4B0,A14W,0.9833,pathogenic,TTC21B,14.0
Q7Z4B0,A14Y,0.9607,pathogenic,TTC21B,14.0
Q7Z4B0,T15A,0.2761,benign,TTC21B,15.0
Q7Z4B0,T15C,0.867,pathogenic,TTC21B,15.0
Q7Z4B0,T15D,0.9676,pathogenic,TTC21B,15.0
Q7Z4B0,T15E,0.96,pathogenic,TTC21B,15.0
Q7Z4B0,T15F,0.754,pathogenic,TTC21B,15.0
Q7Z4B0,T15G,0.7683,pathogenic,TTC21B,15.0
Q7Z4B0,T15H,0.9139,pathogenic,TTC21B,15.0
Q7Z4B0,T15I,0.5,ambiguous,TTC21B,15.0
Q7Z4B0,T15K,0.9123,pathogenic,TTC21B,15.0
Q7Z4B0,T15L,0.3473,ambiguous,TTC21B,15.0
Q7Z4B0,T15M,0.362,ambiguous,TTC21B,15.0
Q7Z4B0,T15N,0.7623,pathogenic,TTC21B,15.0
Q7Z4B0,T15P,0.5434,ambiguous,TTC21B,15.0
Q7Z4B0,T15Q,0.9027,pathogenic,TTC21B,15.0
Q7Z4B0,T15R,0.9064,pathogenic,TTC21B,15.0
Q7Z4B0,T15S,0.4637,ambiguous,TTC21B,15.0
Q7Z4B0,T15V,0.3857,ambiguous,TTC21B,15.0
Q7Z4B0,T15W,0.9827,pathogenic,TTC21B,15.0
Q7Z4B0,T15Y,0.9116,pathogenic,TTC21B,15.0
Q7Z4B0,L16A,0.6034,pathogenic,TTC21B,16.0
Q7Z4B0,L16C,0.8293,pathogenic,TTC21B,16.0
Q7Z4B0,L16D,0.9833,pathogenic,TTC21B,16.0
Q7Z4B0,L16E,0.9217,pathogenic,TTC21B,16.0
Q7Z4B0,L16F,0.3781,ambiguous,TTC21B,16.0
Q7Z4B0,L16G,0.8737,pathogenic,TTC21B,16.0
Q7Z4B0,L16H,0.9077,pathogenic,TTC21B,16.0
Q7Z4B0,L16I,0.2231,benign,TTC21B,16.0
Q7Z4B0,L16K,0.9405,pathogenic,TTC21B,16.0
Q7Z4B0,L16M,0.2902,benign,TTC21B,16.0
Q7Z4B0,L16N,0.9383,pathogenic,TTC21B,16.0
Q7Z4B0,L16P,0.9448,pathogenic,TTC21B,16.0
Q7Z4B0,L16Q,0.8264,pathogenic,TTC21B,16.0
Q7Z4B0,L16R,0.9191,pathogenic,TTC21B,16.0
Q7Z4B0,L16S,0.7442,pathogenic,TTC21B,16.0
Q7Z4B0,L16T,0.6225,pathogenic,TTC21B,16.0
Q7Z4B0,L16V,0.2997,benign,TTC21B,16.0
Q7Z4B0,L16W,0.8214,pathogenic,TTC21B,16.0
Q7Z4B0,L16Y,0.9369,pathogenic,TTC21B,16.0
Q7Z4B0,L17A,0.6683,pathogenic,TTC21B,17.0
Q7Z4B0,L17C,0.7941,pathogenic,TTC21B,17.0
Q7Z4B0,L17D,0.9851,pathogenic,TTC21B,17.0
Q7Z4B0,L17E,0.9341,pathogenic,TTC21B,17.0
Q7Z4B0,L17F,0.3858,ambiguous,TTC21B,17.0
Q7Z4B0,L17G,0.8882,pathogenic,TTC21B,17.0
Q7Z4B0,L17H,0.9209,pathogenic,TTC21B,17.0
Q7Z4B0,L17I,0.2568,benign,TTC21B,17.0
Q7Z4B0,L17K,0.952,pathogenic,TTC21B,17.0
Q7Z4B0,L17M,0.3774,ambiguous,TTC21B,17.0
Q7Z4B0,L17N,0.9459,pathogenic,TTC21B,17.0
Q7Z4B0,L17P,0.9289,pathogenic,TTC21B,17.0
Q7Z4B0,L17Q,0.8534,pathogenic,TTC21B,17.0
Q7Z4B0,L17R,0.9287,pathogenic,TTC21B,17.0
Q7Z4B0,L17S,0.7869,pathogenic,TTC21B,17.0
Q7Z4B0,L17T,0.6937,pathogenic,TTC21B,17.0
Q7Z4B0,L17V,0.4063,ambiguous,TTC21B,17.0
Q7Z4B0,L17W,0.8071,pathogenic,TTC21B,17.0
Q7Z4B0,L17Y,0.9393,pathogenic,TTC21B,17.0
Q7Z4B0,S18A,0.2212,benign,TTC21B,18.0
Q7Z4B0,S18C,0.2742,benign,TTC21B,18.0
Q7Z4B0,S18D,0.9619,pathogenic,TTC21B,18.0
Q7Z4B0,S18E,0.9636,pathogenic,TTC21B,18.0
Q7Z4B0,S18F,0.6959,pathogenic,TTC21B,18.0
Q7Z4B0,S18G,0.348,ambiguous,TTC21B,18.0
Q7Z4B0,S18H,0.8904,pathogenic,TTC21B,18.0
Q7Z4B0,S18I,0.6815,pathogenic,TTC21B,18.0
Q7Z4B0,S18K,0.9899,pathogenic,TTC21B,18.0
Q7Z4B0,S18L,0.526,ambiguous,TTC21B,18.0
Q7Z4B0,S18M,0.7159,pathogenic,TTC21B,18.0
Q7Z4B0,S18N,0.7853,pathogenic,TTC21B,18.0
Q7Z4B0,S18P,0.7709,pathogenic,TTC21B,18.0
Q7Z4B0,S18Q,0.9448,pathogenic,TTC21B,18.0
Q7Z4B0,S18R,0.9832,pathogenic,TTC21B,18.0
Q7Z4B0,S18T,0.3086,benign,TTC21B,18.0
Q7Z4B0,S18V,0.654,pathogenic,TTC21B,18.0
Q7Z4B0,S18W,0.8419,pathogenic,TTC21B,18.0
Q7Z4B0,S18Y,0.7282,pathogenic,TTC21B,18.0
Q7Z4B0,T19A,0.292,benign,TTC21B,19.0
Q7Z4B0,T19C,0.8675,pathogenic,TTC21B,19.0
Q7Z4B0,T19D,0.9792,pathogenic,TTC21B,19.0
Q7Z4B0,T19E,0.9741,pathogenic,TTC21B,19.0
Q7Z4B0,T19F,0.7612,pathogenic,TTC21B,19.0
Q7Z4B0,T19G,0.7898,pathogenic,TTC21B,19.0
Q7Z4B0,T19H,0.9266,pathogenic,TTC21B,19.0
Q7Z4B0,T19I,0.477,ambiguous,TTC21B,19.0
Q7Z4B0,T19K,0.9491,pathogenic,TTC21B,19.0
Q7Z4B0,T19L,0.3587,ambiguous,TTC21B,19.0
Q7Z4B0,T19M,0.3452,ambiguous,TTC21B,19.0
Q7Z4B0,T19N,0.8085,pathogenic,TTC21B,19.0
Q7Z4B0,T19P,0.5661,pathogenic,TTC21B,19.0
Q7Z4B0,T19Q,0.93,pathogenic,TTC21B,19.0
Q7Z4B0,T19R,0.9457,pathogenic,TTC21B,19.0
Q7Z4B0,T19S,0.4659,ambiguous,TTC21B,19.0
Q7Z4B0,T19V,0.4038,ambiguous,TTC21B,19.0
Q7Z4B0,T19W,0.986,pathogenic,TTC21B,19.0
Q7Z4B0,T19Y,0.9279,pathogenic,TTC21B,19.0
Q7Z4B0,L20A,0.5221,ambiguous,TTC21B,20.0
Q7Z4B0,L20C,0.7869,pathogenic,TTC21B,20.0
Q7Z4B0,L20D,0.977,pathogenic,TTC21B,20.0
Q7Z4B0,L20E,0.9027,pathogenic,TTC21B,20.0
Q7Z4B0,L20F,0.3576,ambiguous,TTC21B,20.0
Q7Z4B0,L20G,0.8575,pathogenic,TTC21B,20.0
Q7Z4B0,L20H,0.8853,pathogenic,TTC21B,20.0
Q7Z4B0,L20I,0.202,benign,TTC21B,20.0
Q7Z4B0,L20K,0.9293,pathogenic,TTC21B,20.0
Q7Z4B0,L20M,0.2645,benign,TTC21B,20.0
Q7Z4B0,L20N,0.9166,pathogenic,TTC21B,20.0
Q7Z4B0,L20P,0.9072,pathogenic,TTC21B,20.0
Q7Z4B0,L20Q,0.7845,pathogenic,TTC21B,20.0
Q7Z4B0,L20R,0.9063,pathogenic,TTC21B,20.0
Q7Z4B0,L20S,0.6543,pathogenic,TTC21B,20.0
Q7Z4B0,L20T,0.5189,ambiguous,TTC21B,20.0
Q7Z4B0,L20V,0.267,benign,TTC21B,20.0
Q7Z4B0,L20W,0.8068,pathogenic,TTC21B,20.0
Q7Z4B0,L20Y,0.9334,pathogenic,TTC21B,20.0
Q7Z4B0,L21A,0.7227,pathogenic,TTC21B,21.0
Q7Z4B0,L21C,0.8566,pathogenic,TTC21B,21.0
Q7Z4B0,L21D,0.9841,pathogenic,TTC21B,21.0
Q7Z4B0,L21E,0.9386,pathogenic,TTC21B,21.0
Q7Z4B0,L21F,0.4264,ambiguous,TTC21B,21.0
Q7Z4B0,L21G,0.9,pathogenic,TTC21B,21.0
Q7Z4B0,L21H,0.9158,pathogenic,TTC21B,21.0
Q7Z4B0,L21I,0.3033,benign,TTC21B,21.0
Q7Z4B0,L21K,0.944,pathogenic,TTC21B,21.0
Q7Z4B0,L21M,0.4327,ambiguous,TTC21B,21.0
Q7Z4B0,L21N,0.9429,pathogenic,TTC21B,21.0
Q7Z4B0,L21P,0.9177,pathogenic,TTC21B,21.0
Q7Z4B0,L21Q,0.8566,pathogenic,TTC21B,21.0
Q7Z4B0,L21R,0.9204,pathogenic,TTC21B,21.0
Q7Z4B0,L21S,0.8171,pathogenic,TTC21B,21.0
Q7Z4B0,L21T,0.7643,pathogenic,TTC21B,21.0
Q7Z4B0,L21V,0.4597,ambiguous,TTC21B,21.0
Q7Z4B0,L21W,0.81,pathogenic,TTC21B,21.0
Q7Z4B0,L21Y,0.9352,pathogenic,TTC21B,21.0
Q7Z4B0,S22A,0.2917,benign,TTC21B,22.0
Q7Z4B0,S22C,0.2654,benign,TTC21B,22.0
Q7Z4B0,S22D,0.9701,pathogenic,TTC21B,22.0
Q7Z4B0,S22E,0.9735,pathogenic,TTC21B,22.0
Q7Z4B0,S22F,0.6739,pathogenic,TTC21B,22.0
Q7Z4B0,S22G,0.4295,ambiguous,TTC21B,22.0
Q7Z4B0,S22H,0.8737,pathogenic,TTC21B,22.0
Q7Z4B0,S22I,0.6427,pathogenic,TTC21B,22.0
Q7Z4B0,S22K,0.9924,pathogenic,TTC21B,22.0
Q7Z4B0,S22L,0.5249,ambiguous,TTC21B,22.0
Q7Z4B0,S22M,0.7256,pathogenic,TTC21B,22.0
Q7Z4B0,S22N,0.7956,pathogenic,TTC21B,22.0
Q7Z4B0,S22P,0.7642,pathogenic,TTC21B,22.0
Q7Z4B0,S22Q,0.944,pathogenic,TTC21B,22.0
Q7Z4B0,S22R,0.9856,pathogenic,TTC21B,22.0
Q7Z4B0,S22T,0.3218,benign,TTC21B,22.0
Q7Z4B0,S22V,0.664,pathogenic,TTC21B,22.0
Q7Z4B0,S22W,0.8177,pathogenic,TTC21B,22.0
Q7Z4B0,S22Y,0.7056,pathogenic,TTC21B,22.0
Q7Z4B0,L23A,0.6596,pathogenic,TTC21B,23.0
Q7Z4B0,L23C,0.8385,pathogenic,TTC21B,23.0
Q7Z4B0,L23D,0.9798,pathogenic,TTC21B,23.0
Q7Z4B0,L23E,0.9187,pathogenic,TTC21B,23.0
Q7Z4B0,L23F,0.3902,ambiguous,TTC21B,23.0
Q7Z4B0,L23G,0.8778,pathogenic,TTC21B,23.0
Q7Z4B0,L23H,0.9069,pathogenic,TTC21B,23.0
Q7Z4B0,L23I,0.2795,benign,TTC21B,23.0
Q7Z4B0,L23K,0.9274,pathogenic,TTC21B,23.0
Q7Z4B0,L23M,0.2918,benign,TTC21B,23.0
Q7Z4B0,L23N,0.9284,pathogenic,TTC21B,23.0
Q7Z4B0,L23P,0.9514,pathogenic,TTC21B,23.0
Q7Z4B0,L23Q,0.8319,pathogenic,TTC21B,23.0
Q7Z4B0,L23R,0.9076,pathogenic,TTC21B,23.0
Q7Z4B0,L23S,0.7765,pathogenic,TTC21B,23.0
Q7Z4B0,L23T,0.685,pathogenic,TTC21B,23.0
Q7Z4B0,L23V,0.3377,benign,TTC21B,23.0
Q7Z4B0,L23W,0.7797,pathogenic,TTC21B,23.0
Q7Z4B0,L23Y,0.9265,pathogenic,TTC21B,23.0
Q7Z4B0,I24A,0.8636,pathogenic,TTC21B,24.0
Q7Z4B0,I24C,0.9385,pathogenic,TTC21B,24.0
Q7Z4B0,I24D,0.9858,pathogenic,TTC21B,24.0
Q7Z4B0,I24E,0.9767,pathogenic,TTC21B,24.0
Q7Z4B0,I24F,0.4452,ambiguous,TTC21B,24.0
Q7Z4B0,I24G,0.9743,pathogenic,TTC21B,24.0
Q7Z4B0,I24H,0.9667,pathogenic,TTC21B,24.0
Q7Z4B0,I24K,0.9511,pathogenic,TTC21B,24.0
Q7Z4B0,I24L,0.3237,benign,TTC21B,24.0
Q7Z4B0,I24M,0.3858,ambiguous,TTC21B,24.0
Q7Z4B0,I24N,0.8753,pathogenic,TTC21B,24.0
Q7Z4B0,I24P,0.9686,pathogenic,TTC21B,24.0
Q7Z4B0,I24Q,0.9464,pathogenic,TTC21B,24.0
Q7Z4B0,I24R,0.9383,pathogenic,TTC21B,24.0
Q7Z4B0,I24S,0.7961,pathogenic,TTC21B,24.0
Q7Z4B0,I24T,0.7284,pathogenic,TTC21B,24.0
Q7Z4B0,I24V,0.3346,benign,TTC21B,24.0
Q7Z4B0,I24W,0.979,pathogenic,TTC21B,24.0
Q7Z4B0,I24Y,0.9331,pathogenic,TTC21B,24.0
Q7Z4B0,S25A,0.2178,benign,TTC21B,25.0
Q7Z4B0,S25C,0.3271,benign,TTC21B,25.0
Q7Z4B0,S25D,0.972,pathogenic,TTC21B,25.0
Q7Z4B0,S25E,0.9728,pathogenic,TTC21B,25.0
Q7Z4B0,S25F,0.7602,pathogenic,TTC21B,25.0
Q7Z4B0,S25G,0.3807,ambiguous,TTC21B,25.0
Q7Z4B0,S25H,0.9083,pathogenic,TTC21B,25.0
Q7Z4B0,S25I,0.6764,pathogenic,TTC21B,25.0
Q7Z4B0,S25K,0.9916,pathogenic,TTC21B,25.0
Q7Z4B0,S25L,0.5959,pathogenic,TTC21B,25.0
Q7Z4B0,S25M,0.7598,pathogenic,TTC21B,25.0
Q7Z4B0,S25N,0.834,pathogenic,TTC21B,25.0
Q7Z4B0,S25P,0.7898,pathogenic,TTC21B,25.0
Q7Z4B0,S25Q,0.9591,pathogenic,TTC21B,25.0
Q7Z4B0,S25R,0.9823,pathogenic,TTC21B,25.0
Q7Z4B0,S25T,0.2893,benign,TTC21B,25.0
Q7Z4B0,S25V,0.6528,pathogenic,TTC21B,25.0
Q7Z4B0,S25W,0.8491,pathogenic,TTC21B,25.0
Q7Z4B0,S25Y,0.7527,pathogenic,TTC21B,25.0
Q7Z4B0,V26A,0.5925,pathogenic,TTC21B,26.0
Q7Z4B0,V26C,0.9574,pathogenic,TTC21B,26.0
Q7Z4B0,V26D,0.9421,pathogenic,TTC21B,26.0
Q7Z4B0,V26E,0.8856,pathogenic,TTC21B,26.0
Q7Z4B0,V26F,0.5101,ambiguous,TTC21B,26.0
Q7Z4B0,V26G,0.7381,pathogenic,TTC21B,26.0
Q7Z4B0,V26H,0.9659,pathogenic,TTC21B,26.0
Q7Z4B0,V26I,0.1866,benign,TTC21B,26.0
Q7Z4B0,V26K,0.8838,pathogenic,TTC21B,26.0
Q7Z4B0,V26L,0.643,pathogenic,TTC21B,26.0
Q7Z4B0,V26M,0.4955,ambiguous,TTC21B,26.0
Q7Z4B0,V26N,0.8954,pathogenic,TTC21B,26.0
Q7Z4B0,V26P,0.9639,pathogenic,TTC21B,26.0
Q7Z4B0,V26Q,0.8875,pathogenic,TTC21B,26.0
Q7Z4B0,V26R,0.8541,pathogenic,TTC21B,26.0
Q7Z4B0,V26S,0.761,pathogenic,TTC21B,26.0
Q7Z4B0,V26T,0.5744,pathogenic,TTC21B,26.0
Q7Z4B0,V26W,0.9868,pathogenic,TTC21B,26.0
Q7Z4B0,V26Y,0.9472,pathogenic,TTC21B,26.0
Q7Z4B0,A27C,0.8219,pathogenic,TTC21B,27.0
Q7Z4B0,A27D,0.9319,pathogenic,TTC21B,27.0
Q7Z4B0,A27E,0.8773,pathogenic,TTC21B,27.0
Q7Z4B0,A27F,0.7365,pathogenic,TTC21B,27.0
Q7Z4B0,A27G,0.4016,ambiguous,TTC21B,27.0
Q7Z4B0,A27H,0.9609,pathogenic,TTC21B,27.0
Q7Z4B0,A27I,0.7062,pathogenic,TTC21B,27.0
Q7Z4B0,A27K,0.9656,pathogenic,TTC21B,27.0
Q7Z4B0,A27L,0.5517,ambiguous,TTC21B,27.0
Q7Z4B0,A27M,0.6506,pathogenic,TTC21B,27.0
Q7Z4B0,A27N,0.8984,pathogenic,TTC21B,27.0
Q7Z4B0,A27P,0.9013,pathogenic,TTC21B,27.0
Q7Z4B0,A27Q,0.89,pathogenic,TTC21B,27.0
Q7Z4B0,A27R,0.9298,pathogenic,TTC21B,27.0
Q7Z4B0,A27S,0.2336,benign,TTC21B,27.0
Q7Z4B0,A27T,0.2456,benign,TTC21B,27.0
Q7Z4B0,A27V,0.4117,ambiguous,TTC21B,27.0
Q7Z4B0,A27W,0.9742,pathogenic,TTC21B,27.0
Q7Z4B0,A27Y,0.9332,pathogenic,TTC21B,27.0
Q7Z4B0,I28A,0.8457,pathogenic,TTC21B,28.0
Q7Z4B0,I28C,0.9684,pathogenic,TTC21B,28.0
Q7Z4B0,I28D,0.9853,pathogenic,TTC21B,28.0
Q7Z4B0,I28E,0.9716,pathogenic,TTC21B,28.0
Q7Z4B0,I28F,0.4781,ambiguous,TTC21B,28.0
Q7Z4B0,I28G,0.983,pathogenic,TTC21B,28.0
Q7Z4B0,I28H,0.9728,pathogenic,TTC21B,28.0
Q7Z4B0,I28K,0.938,pathogenic,TTC21B,28.0
Q7Z4B0,I28L,0.3913,ambiguous,TTC21B,28.0
Q7Z4B0,I28M,0.404,ambiguous,TTC21B,28.0
Q7Z4B0,I28N,0.8819,pathogenic,TTC21B,28.0
Q7Z4B0,I28P,0.9758,pathogenic,TTC21B,28.0
Q7Z4B0,I28Q,0.9511,pathogenic,TTC21B,28.0
Q7Z4B0,I28R,0.9182,pathogenic,TTC21B,28.0
Q7Z4B0,I28S,0.8197,pathogenic,TTC21B,28.0
Q7Z4B0,I28T,0.766,pathogenic,TTC21B,28.0
Q7Z4B0,I28V,0.2173,benign,TTC21B,28.0
Q7Z4B0,I28W,0.9836,pathogenic,TTC21B,28.0
Q7Z4B0,I28Y,0.9373,pathogenic,TTC21B,28.0
Q7Z4B0,S29A,0.2161,benign,TTC21B,29.0
Q7Z4B0,S29C,0.34,ambiguous,TTC21B,29.0
Q7Z4B0,S29D,0.9139,pathogenic,TTC21B,29.0
Q7Z4B0,S29E,0.8986,pathogenic,TTC21B,29.0
Q7Z4B0,S29F,0.6516,pathogenic,TTC21B,29.0
Q7Z4B0,S29G,0.3478,ambiguous,TTC21B,29.0
Q7Z4B0,S29H,0.7718,pathogenic,TTC21B,29.0
Q7Z4B0,S29I,0.5887,pathogenic,TTC21B,29.0
Q7Z4B0,S29K,0.9503,pathogenic,TTC21B,29.0
Q7Z4B0,S29L,0.475,ambiguous,TTC21B,29.0
Q7Z4B0,S29M,0.6735,pathogenic,TTC21B,29.0
Q7Z4B0,S29N,0.6655,pathogenic,TTC21B,29.0
Q7Z4B0,S29P,0.7501,pathogenic,TTC21B,29.0
Q7Z4B0,S29Q,0.8654,pathogenic,TTC21B,29.0
Q7Z4B0,S29R,0.9112,pathogenic,TTC21B,29.0
Q7Z4B0,S29T,0.2481,benign,TTC21B,29.0
Q7Z4B0,S29V,0.6146,pathogenic,TTC21B,29.0
Q7Z4B0,S29W,0.7585,pathogenic,TTC21B,29.0
Q7Z4B0,S29Y,0.584,pathogenic,TTC21B,29.0
Q7Z4B0,A30C,0.8856,pathogenic,TTC21B,30.0
Q7Z4B0,A30D,0.8016,pathogenic,TTC21B,30.0
Q7Z4B0,A30E,0.6805,pathogenic,TTC21B,30.0
Q7Z4B0,A30F,0.758,pathogenic,TTC21B,30.0
Q7Z4B0,A30G,0.4182,ambiguous,TTC21B,30.0
Q7Z4B0,A30H,0.894,pathogenic,TTC21B,30.0
Q7Z4B0,A30I,0.7392,pathogenic,TTC21B,30.0
Q7Z4B0,A30K,0.886,pathogenic,TTC21B,30.0
Q7Z4B0,A30L,0.6084,pathogenic,TTC21B,30.0
Q7Z4B0,A30M,0.645,pathogenic,TTC21B,30.0
Q7Z4B0,A30N,0.7827,pathogenic,TTC21B,30.0
Q7Z4B0,A30P,0.8638,pathogenic,TTC21B,30.0
Q7Z4B0,A30Q,0.7368,pathogenic,TTC21B,30.0
Q7Z4B0,A30R,0.8126,pathogenic,TTC21B,30.0
Q7Z4B0,A30S,0.175,benign,TTC21B,30.0
Q7Z4B0,A30T,0.2499,benign,TTC21B,30.0
Q7Z4B0,A30V,0.4274,ambiguous,TTC21B,30.0
Q7Z4B0,A30W,0.9678,pathogenic,TTC21B,30.0
Q7Z4B0,A30Y,0.9041,pathogenic,TTC21B,30.0
Q7Z4B0,T31A,0.1888,benign,TTC21B,31.0
Q7Z4B0,T31C,0.8688,pathogenic,TTC21B,31.0
Q7Z4B0,T31D,0.8725,pathogenic,TTC21B,31.0
Q7Z4B0,T31E,0.8198,pathogenic,TTC21B,31.0
Q7Z4B0,T31F,0.7313,pathogenic,TTC21B,31.0
Q7Z4B0,T31G,0.6597,pathogenic,TTC21B,31.0
Q7Z4B0,T31H,0.7814,pathogenic,TTC21B,31.0
Q7Z4B0,T31I,0.5103,ambiguous,TTC21B,31.0
Q7Z4B0,T31K,0.6151,pathogenic,TTC21B,31.0
Q7Z4B0,T31L,0.4471,ambiguous,TTC21B,31.0
Q7Z4B0,T31M,0.396,ambiguous,TTC21B,31.0
Q7Z4B0,T31N,0.5078,ambiguous,TTC21B,31.0
Q7Z4B0,T31P,0.3712,ambiguous,TTC21B,31.0
Q7Z4B0,T31Q,0.6822,pathogenic,TTC21B,31.0
Q7Z4B0,T31R,0.5722,pathogenic,TTC21B,31.0
Q7Z4B0,T31S,0.3224,benign,TTC21B,31.0
Q7Z4B0,T31V,0.4611,ambiguous,TTC21B,31.0
Q7Z4B0,T31W,0.9671,pathogenic,TTC21B,31.0
Q7Z4B0,T31Y,0.8454,pathogenic,TTC21B,31.0
Q7Z4B0,C32A,0.9031,pathogenic,TTC21B,32.0
Q7Z4B0,C32D,0.9792,pathogenic,TTC21B,32.0
Q7Z4B0,C32E,0.9809,pathogenic,TTC21B,32.0
Q7Z4B0,C32F,0.6981,pathogenic,TTC21B,32.0
Q7Z4B0,C32G,0.6274,pathogenic,TTC21B,32.0
Q7Z4B0,C32H,0.9628,pathogenic,TTC21B,32.0
Q7Z4B0,C32I,0.9402,pathogenic,TTC21B,32.0
Q7Z4B0,C32K,0.9799,pathogenic,TTC21B,32.0
Q7Z4B0,C32L,0.9257,pathogenic,TTC21B,32.0
Q7Z4B0,C32M,0.9573,pathogenic,TTC21B,32.0
Q7Z4B0,C32N,0.9592,pathogenic,TTC21B,32.0
Q7Z4B0,C32P,0.9794,pathogenic,TTC21B,32.0
Q7Z4B0,C32Q,0.9622,pathogenic,TTC21B,32.0
Q7Z4B0,C32R,0.8557,pathogenic,TTC21B,32.0
Q7Z4B0,C32S,0.8138,pathogenic,TTC21B,32.0
Q7Z4B0,C32T,0.9183,pathogenic,TTC21B,32.0
Q7Z4B0,C32V,0.8904,pathogenic,TTC21B,32.0
Q7Z4B0,C32W,0.9253,pathogenic,TTC21B,32.0
Q7Z4B0,C32Y,0.8336,pathogenic,TTC21B,32.0
Q7Z4B0,K33A,0.7865,pathogenic,TTC21B,33.0
Q7Z4B0,K33C,0.9669,pathogenic,TTC21B,33.0
Q7Z4B0,K33D,0.9158,pathogenic,TTC21B,33.0
Q7Z4B0,K33E,0.4856,ambiguous,TTC21B,33.0
Q7Z4B0,K33F,0.9807,pathogenic,TTC21B,33.0
Q7Z4B0,K33G,0.8385,pathogenic,TTC21B,33.0
Q7Z4B0,K33H,0.8106,pathogenic,TTC21B,33.0
Q7Z4B0,K33I,0.8624,pathogenic,TTC21B,33.0
Q7Z4B0,K33L,0.8835,pathogenic,TTC21B,33.0
Q7Z4B0,K33M,0.7115,pathogenic,TTC21B,33.0
Q7Z4B0,K33N,0.8036,pathogenic,TTC21B,33.0
Q7Z4B0,K33P,0.9433,pathogenic,TTC21B,33.0
Q7Z4B0,K33Q,0.4075,ambiguous,TTC21B,33.0
Q7Z4B0,K33R,0.1917,benign,TTC21B,33.0
Q7Z4B0,K33S,0.7983,pathogenic,TTC21B,33.0
Q7Z4B0,K33T,0.5363,ambiguous,TTC21B,33.0
Q7Z4B0,K33V,0.8564,pathogenic,TTC21B,33.0
Q7Z4B0,K33W,0.9783,pathogenic,TTC21B,33.0
Q7Z4B0,K33Y,0.9668,pathogenic,TTC21B,33.0
Q7Z4B0,D34A,0.6927,pathogenic,TTC21B,34.0
Q7Z4B0,D34C,0.9643,pathogenic,TTC21B,34.0
Q7Z4B0,D34E,0.623,pathogenic,TTC21B,34.0
Q7Z4B0,D34F,0.9579,pathogenic,TTC21B,34.0
Q7Z4B0,D34G,0.4617,ambiguous,TTC21B,34.0
Q7Z4B0,D34H,0.848,pathogenic,TTC21B,34.0
Q7Z4B0,D34I,0.923,pathogenic,TTC21B,34.0
Q7Z4B0,D34K,0.8344,pathogenic,TTC21B,34.0
Q7Z4B0,D34L,0.9005,pathogenic,TTC21B,34.0
Q7Z4B0,D34M,0.9662,pathogenic,TTC21B,34.0
Q7Z4B0,D34N,0.3197,benign,TTC21B,34.0
Q7Z4B0,D34P,0.9575,pathogenic,TTC21B,34.0
Q7Z4B0,D34Q,0.882,pathogenic,TTC21B,34.0
Q7Z4B0,D34R,0.857,pathogenic,TTC21B,34.0
Q7Z4B0,D34S,0.532,ambiguous,TTC21B,34.0
Q7Z4B0,D34T,0.7815,pathogenic,TTC21B,34.0
Q7Z4B0,D34V,0.7993,pathogenic,TTC21B,34.0
Q7Z4B0,D34W,0.9899,pathogenic,TTC21B,34.0
Q7Z4B0,D34Y,0.7074,pathogenic,TTC21B,34.0
Q7Z4B0,E35A,0.5026,ambiguous,TTC21B,35.0
Q7Z4B0,E35C,0.9794,pathogenic,TTC21B,35.0
Q7Z4B0,E35D,0.4046,ambiguous,TTC21B,35.0
Q7Z4B0,E35F,0.9761,pathogenic,TTC21B,35.0
Q7Z4B0,E35G,0.3197,benign,TTC21B,35.0
Q7Z4B0,E35H,0.855,pathogenic,TTC21B,35.0
Q7Z4B0,E35I,0.857,pathogenic,TTC21B,35.0
Q7Z4B0,E35K,0.233,benign,TTC21B,35.0
Q7Z4B0,E35L,0.905,pathogenic,TTC21B,35.0
Q7Z4B0,E35M,0.8908,pathogenic,TTC21B,35.0
Q7Z4B0,E35N,0.632,pathogenic,TTC21B,35.0
Q7Z4B0,E35P,0.9112,pathogenic,TTC21B,35.0
Q7Z4B0,E35Q,0.2991,benign,TTC21B,35.0
Q7Z4B0,E35R,0.4292,ambiguous,TTC21B,35.0
Q7Z4B0,E35S,0.5382,ambiguous,TTC21B,35.0
Q7Z4B0,E35T,0.6767,pathogenic,TTC21B,35.0
Q7Z4B0,E35V,0.7347,pathogenic,TTC21B,35.0
Q7Z4B0,E35W,0.9852,pathogenic,TTC21B,35.0
Q7Z4B0,E35Y,0.948,pathogenic,TTC21B,35.0
Q7Z4B0,K36A,0.5767,pathogenic,TTC21B,36.0
Q7Z4B0,K36C,0.9437,pathogenic,TTC21B,36.0
Q7Z4B0,K36D,0.7018,pathogenic,TTC21B,36.0
Q7Z4B0,K36E,0.3311,benign,TTC21B,36.0
Q7Z4B0,K36F,0.9551,pathogenic,TTC21B,36.0
Q7Z4B0,K36G,0.6985,pathogenic,TTC21B,36.0
Q7Z4B0,K36H,0.6871,pathogenic,TTC21B,36.0
Q7Z4B0,K36I,0.7405,pathogenic,TTC21B,36.0
Q7Z4B0,K36L,0.8031,pathogenic,TTC21B,36.0
Q7Z4B0,K36M,0.5315,ambiguous,TTC21B,36.0
Q7Z4B0,K36N,0.4902,ambiguous,TTC21B,36.0
Q7Z4B0,K36P,0.9017,pathogenic,TTC21B,36.0
Q7Z4B0,K36Q,0.3447,ambiguous,TTC21B,36.0
Q7Z4B0,K36R,0.1993,benign,TTC21B,36.0
Q7Z4B0,K36S,0.6253,pathogenic,TTC21B,36.0
Q7Z4B0,K36T,0.3409,ambiguous,TTC21B,36.0
Q7Z4B0,K36V,0.7148,pathogenic,TTC21B,36.0
Q7Z4B0,K36W,0.963,pathogenic,TTC21B,36.0
Q7Z4B0,K36Y,0.9002,pathogenic,TTC21B,36.0
Q7Z4B0,G37A,0.4307,ambiguous,TTC21B,37.0
Q7Z4B0,G37C,0.6254,pathogenic,TTC21B,37.0
Q7Z4B0,G37D,0.2361,benign,TTC21B,37.0
Q7Z4B0,G37E,0.2263,benign,TTC21B,37.0
Q7Z4B0,G37F,0.9363,pathogenic,TTC21B,37.0
Q7Z4B0,G37H,0.7746,pathogenic,TTC21B,37.0
Q7Z4B0,G37I,0.7383,pathogenic,TTC21B,37.0
Q7Z4B0,G37K,0.6349,pathogenic,TTC21B,37.0
Q7Z4B0,G37L,0.8428,pathogenic,TTC21B,37.0
Q7Z4B0,G37M,0.8409,pathogenic,TTC21B,37.0
Q7Z4B0,G37N,0.4869,ambiguous,TTC21B,37.0
Q7Z4B0,G37P,0.9706,pathogenic,TTC21B,37.0
Q7Z4B0,G37Q,0.5379,ambiguous,TTC21B,37.0
Q7Z4B0,G37R,0.5388,ambiguous,TTC21B,37.0
Q7Z4B0,G37S,0.2618,benign,TTC21B,37.0
Q7Z4B0,G37T,0.5882,pathogenic,TTC21B,37.0
Q7Z4B0,G37V,0.5729,pathogenic,TTC21B,37.0
Q7Z4B0,G37W,0.746,pathogenic,TTC21B,37.0
Q7Z4B0,G37Y,0.799,pathogenic,TTC21B,37.0
Q7Z4B0,K38A,0.6944,pathogenic,TTC21B,38.0
Q7Z4B0,K38C,0.9132,pathogenic,TTC21B,38.0
Q7Z4B0,K38D,0.8283,pathogenic,TTC21B,38.0
Q7Z4B0,K38E,0.3513,ambiguous,TTC21B,38.0
Q7Z4B0,K38F,0.9335,pathogenic,TTC21B,38.0
Q7Z4B0,K38G,0.7618,pathogenic,TTC21B,38.0
Q7Z4B0,K38H,0.6734,pathogenic,TTC21B,38.0
Q7Z4B0,K38I,0.6314,pathogenic,TTC21B,38.0
Q7Z4B0,K38L,0.7275,pathogenic,TTC21B,38.0
Q7Z4B0,K38M,0.5059,ambiguous,TTC21B,38.0
Q7Z4B0,K38N,0.6049,pathogenic,TTC21B,38.0
Q7Z4B0,K38P,0.9252,pathogenic,TTC21B,38.0
Q7Z4B0,K38Q,0.2719,benign,TTC21B,38.0
Q7Z4B0,K38R,0.1714,benign,TTC21B,38.0
Q7Z4B0,K38S,0.6956,pathogenic,TTC21B,38.0
Q7Z4B0,K38T,0.4102,ambiguous,TTC21B,38.0
Q7Z4B0,K38V,0.6714,pathogenic,TTC21B,38.0
Q7Z4B0,K38W,0.9513,pathogenic,TTC21B,38.0
Q7Z4B0,K38Y,0.8903,pathogenic,TTC21B,38.0
Q7Z4B0,Q39A,0.4531,ambiguous,TTC21B,39.0
Q7Z4B0,Q39C,0.9232,pathogenic,TTC21B,39.0
Q7Z4B0,Q39D,0.7261,pathogenic,TTC21B,39.0
Q7Z4B0,Q39E,0.1225,benign,TTC21B,39.0
Q7Z4B0,Q39F,0.9344,pathogenic,TTC21B,39.0
Q7Z4B0,Q39G,0.5883,pathogenic,TTC21B,39.0
Q7Z4B0,Q39H,0.6316,pathogenic,TTC21B,39.0
Q7Z4B0,Q39I,0.6442,pathogenic,TTC21B,39.0
Q7Z4B0,Q39K,0.1571,benign,TTC21B,39.0
Q7Z4B0,Q39L,0.4033,ambiguous,TTC21B,39.0
Q7Z4B0,Q39M,0.5926,pathogenic,TTC21B,39.0
Q7Z4B0,Q39N,0.5491,ambiguous,TTC21B,39.0
Q7Z4B0,Q39P,0.3922,ambiguous,TTC21B,39.0
Q7Z4B0,Q39R,0.2549,benign,TTC21B,39.0
Q7Z4B0,Q39S,0.5186,ambiguous,TTC21B,39.0
Q7Z4B0,Q39T,0.367,ambiguous,TTC21B,39.0
Q7Z4B0,Q39V,0.4812,ambiguous,TTC21B,39.0
Q7Z4B0,Q39W,0.8591,pathogenic,TTC21B,39.0
Q7Z4B0,Q39Y,0.8703,pathogenic,TTC21B,39.0
Q7Z4B0,E40A,0.4167,ambiguous,TTC21B,40.0
Q7Z4B0,E40C,0.9658,pathogenic,TTC21B,40.0
Q7Z4B0,E40D,0.4067,ambiguous,TTC21B,40.0
Q7Z4B0,E40F,0.9508,pathogenic,TTC21B,40.0
Q7Z4B0,E40G,0.444,ambiguous,TTC21B,40.0
Q7Z4B0,E40H,0.8452,pathogenic,TTC21B,40.0
Q7Z4B0,E40I,0.7018,pathogenic,TTC21B,40.0
Q7Z4B0,E40K,0.3637,ambiguous,TTC21B,40.0
Q7Z4B0,E40L,0.8222,pathogenic,TTC21B,40.0
Q7Z4B0,E40M,0.8136,pathogenic,TTC21B,40.0
Q7Z4B0,E40N,0.6195,pathogenic,TTC21B,40.0
Q7Z4B0,E40P,0.8991,pathogenic,TTC21B,40.0
Q7Z4B0,E40Q,0.3221,benign,TTC21B,40.0
Q7Z4B0,E40R,0.5646,pathogenic,TTC21B,40.0
Q7Z4B0,E40S,0.5984,pathogenic,TTC21B,40.0
Q7Z4B0,E40T,0.6009,pathogenic,TTC21B,40.0
Q7Z4B0,E40V,0.5166,ambiguous,TTC21B,40.0
Q7Z4B0,E40W,0.9835,pathogenic,TTC21B,40.0
Q7Z4B0,E40Y,0.9163,pathogenic,TTC21B,40.0
Q7Z4B0,M41A,0.5065,ambiguous,TTC21B,41.0
Q7Z4B0,M41C,0.8881,pathogenic,TTC21B,41.0
Q7Z4B0,M41D,0.8407,pathogenic,TTC21B,41.0
Q7Z4B0,M41E,0.393,ambiguous,TTC21B,41.0
Q7Z4B0,M41F,0.4642,ambiguous,TTC21B,41.0
Q7Z4B0,M41G,0.7428,pathogenic,TTC21B,41.0
Q7Z4B0,M41H,0.7806,pathogenic,TTC21B,41.0
Q7Z4B0,M41I,0.2647,benign,TTC21B,41.0
Q7Z4B0,M41K,0.2743,benign,TTC21B,41.0
Q7Z4B0,M41L,0.2708,benign,TTC21B,41.0
Q7Z4B0,M41N,0.6693,pathogenic,TTC21B,41.0
Q7Z4B0,M41P,0.8599,pathogenic,TTC21B,41.0
Q7Z4B0,M41Q,0.315,benign,TTC21B,41.0
Q7Z4B0,M41R,0.3022,benign,TTC21B,41.0
Q7Z4B0,M41S,0.6822,pathogenic,TTC21B,41.0
Q7Z4B0,M41T,0.3035,benign,TTC21B,41.0
Q7Z4B0,M41V,0.074,benign,TTC21B,41.0
Q7Z4B0,M41W,0.7804,pathogenic,TTC21B,41.0
Q7Z4B0,M41Y,0.8111,pathogenic,TTC21B,41.0
Q7Z4B0,E42A,0.4093,ambiguous,TTC21B,42.0
Q7Z4B0,E42C,0.9672,pathogenic,TTC21B,42.0
Q7Z4B0,E42D,0.3896,ambiguous,TTC21B,42.0
Q7Z4B0,E42F,0.9445,pathogenic,TTC21B,42.0
Q7Z4B0,E42G,0.4475,ambiguous,TTC21B,42.0
Q7Z4B0,E42H,0.8523,pathogenic,TTC21B,42.0
Q7Z4B0,E42I,0.7056,pathogenic,TTC21B,42.0
Q7Z4B0,E42K,0.3939,ambiguous,TTC21B,42.0
Q7Z4B0,E42L,0.8206,pathogenic,TTC21B,42.0
Q7Z4B0,E42M,0.813,pathogenic,TTC21B,42.0
Q7Z4B0,E42N,0.6304,pathogenic,TTC21B,42.0
Q7Z4B0,E42P,0.8968,pathogenic,TTC21B,42.0
Q7Z4B0,E42Q,0.3362,benign,TTC21B,42.0
Q7Z4B0,E42R,0.5873,pathogenic,TTC21B,42.0
Q7Z4B0,E42S,0.5888,pathogenic,TTC21B,42.0
Q7Z4B0,E42T,0.6172,pathogenic,TTC21B,42.0
Q7Z4B0,E42V,0.5156,ambiguous,TTC21B,42.0
Q7Z4B0,E42W,0.9847,pathogenic,TTC21B,42.0
Q7Z4B0,E42Y,0.9143,pathogenic,TTC21B,42.0
Q7Z4B0,T43A,0.1847,benign,TTC21B,43.0
Q7Z4B0,T43C,0.8783,pathogenic,TTC21B,43.0
Q7Z4B0,T43D,0.7451,pathogenic,TTC21B,43.0
Q7Z4B0,T43E,0.5821,pathogenic,TTC21B,43.0
Q7Z4B0,T43F,0.7861,pathogenic,TTC21B,43.0
Q7Z4B0,T43G,0.5975,pathogenic,TTC21B,43.0
Q7Z4B0,T43H,0.7707,pathogenic,TTC21B,43.0
Q7Z4B0,T43I,0.4204,ambiguous,TTC21B,43.0
Q7Z4B0,T43K,0.3996,ambiguous,TTC21B,43.0
Q7Z4B0,T43L,0.4535,ambiguous,TTC21B,43.0
Q7Z4B0,T43M,0.2469,benign,TTC21B,43.0
Q7Z4B0,T43N,0.3766,ambiguous,TTC21B,43.0
Q7Z4B0,T43P,0.399,ambiguous,TTC21B,43.0
Q7Z4B0,T43Q,0.5636,ambiguous,TTC21B,43.0
Q7Z4B0,T43R,0.4144,ambiguous,TTC21B,43.0
Q7Z4B0,T43S,0.3223,benign,TTC21B,43.0
Q7Z4B0,T43V,0.3666,ambiguous,TTC21B,43.0
Q7Z4B0,T43W,0.9517,pathogenic,TTC21B,43.0
Q7Z4B0,T43Y,0.8196,pathogenic,TTC21B,43.0
Q7Z4B0,G44A,0.2219,benign,TTC21B,44.0
Q7Z4B0,G44C,0.3208,benign,TTC21B,44.0
Q7Z4B0,G44D,0.2374,benign,TTC21B,44.0
Q7Z4B0,G44E,0.2261,benign,TTC21B,44.0
Q7Z4B0,G44F,0.8009,pathogenic,TTC21B,44.0
Q7Z4B0,G44H,0.518,ambiguous,TTC21B,44.0
Q7Z4B0,G44I,0.4017,ambiguous,TTC21B,44.0
Q7Z4B0,G44K,0.4376,ambiguous,TTC21B,44.0
Q7Z4B0,G44L,0.6394,pathogenic,TTC21B,44.0
Q7Z4B0,G44M,0.6867,pathogenic,TTC21B,44.0
Q7Z4B0,G44N,0.3929,ambiguous,TTC21B,44.0
Q7Z4B0,G44P,0.8539,pathogenic,TTC21B,44.0
Q7Z4B0,G44Q,0.3757,ambiguous,TTC21B,44.0
Q7Z4B0,G44R,0.2983,benign,TTC21B,44.0
Q7Z4B0,G44S,0.1193,benign,TTC21B,44.0
Q7Z4B0,G44T,0.2993,benign,TTC21B,44.0
Q7Z4B0,G44V,0.3131,benign,TTC21B,44.0
Q7Z4B0,G44W,0.5507,ambiguous,TTC21B,44.0
Q7Z4B0,G44Y,0.6483,pathogenic,TTC21B,44.0
Q7Z4B0,Q45A,0.5009,ambiguous,TTC21B,45.0
Q7Z4B0,Q45C,0.8509,pathogenic,TTC21B,45.0
Q7Z4B0,Q45D,0.6627,pathogenic,TTC21B,45.0
Q7Z4B0,Q45E,0.141,benign,TTC21B,45.0
Q7Z4B0,Q45F,0.8571,pathogenic,TTC21B,45.0
Q7Z4B0,Q45G,0.5531,ambiguous,TTC21B,45.0
Q7Z4B0,Q45H,0.4772,ambiguous,TTC21B,45.0
Q7Z4B0,Q45I,0.6076,pathogenic,TTC21B,45.0
Q7Z4B0,Q45K,0.1627,benign,TTC21B,45.0
Q7Z4B0,Q45L,0.3499,ambiguous,TTC21B,45.0
Q7Z4B0,Q45M,0.6067,pathogenic,TTC21B,45.0
Q7Z4B0,Q45N,0.4367,ambiguous,TTC21B,45.0
Q7Z4B0,Q45P,0.4093,ambiguous,TTC21B,45.0
Q7Z4B0,Q45R,0.2296,benign,TTC21B,45.0
Q7Z4B0,Q45S,0.3967,ambiguous,TTC21B,45.0
Q7Z4B0,Q45T,0.4202,ambiguous,TTC21B,45.0
Q7Z4B0,Q45V,0.5103,ambiguous,TTC21B,45.0
Q7Z4B0,Q45W,0.797,pathogenic,TTC21B,45.0
Q7Z4B0,Q45Y,0.7677,pathogenic,TTC21B,45.0
Q7Z4B0,Q46A,0.4047,ambiguous,TTC21B,46.0
Q7Z4B0,Q46C,0.8559,pathogenic,TTC21B,46.0
Q7Z4B0,Q46D,0.6209,pathogenic,TTC21B,46.0
Q7Z4B0,Q46E,0.1041,benign,TTC21B,46.0
Q7Z4B0,Q46F,0.8119,pathogenic,TTC21B,46.0
Q7Z4B0,Q46G,0.4864,ambiguous,TTC21B,46.0
Q7Z4B0,Q46H,0.4651,ambiguous,TTC21B,46.0
Q7Z4B0,Q46I,0.535,ambiguous,TTC21B,46.0
Q7Z4B0,Q46K,0.1766,benign,TTC21B,46.0
Q7Z4B0,Q46L,0.3174,benign,TTC21B,46.0
Q7Z4B0,Q46M,0.5433,ambiguous,TTC21B,46.0
Q7Z4B0,Q46N,0.4051,ambiguous,TTC21B,46.0
Q7Z4B0,Q46P,0.3823,ambiguous,TTC21B,46.0
Q7Z4B0,Q46R,0.2529,benign,TTC21B,46.0
Q7Z4B0,Q46S,0.3397,benign,TTC21B,46.0
Q7Z4B0,Q46T,0.3829,ambiguous,TTC21B,46.0
Q7Z4B0,Q46V,0.3914,ambiguous,TTC21B,46.0
Q7Z4B0,Q46W,0.8653,pathogenic,TTC21B,46.0
Q7Z4B0,Q46Y,0.7489,pathogenic,TTC21B,46.0
Q7Z4B0,P47A,0.1676,benign,TTC21B,47.0
Q7Z4B0,P47C,0.7367,pathogenic,TTC21B,47.0
Q7Z4B0,P47D,0.5411,ambiguous,TTC21B,47.0
Q7Z4B0,P47E,0.4561,ambiguous,TTC21B,47.0
Q7Z4B0,P47F,0.7473,pathogenic,TTC21B,47.0
Q7Z4B0,P47G,0.5116,ambiguous,TTC21B,47.0
Q7Z4B0,P47H,0.341,ambiguous,TTC21B,47.0
Q7Z4B0,P47I,0.489,ambiguous,TTC21B,47.0
Q7Z4B0,P47K,0.4867,ambiguous,TTC21B,47.0
Q7Z4B0,P47L,0.2446,benign,TTC21B,47.0
Q7Z4B0,P47M,0.5736,pathogenic,TTC21B,47.0
Q7Z4B0,P47N,0.5162,ambiguous,TTC21B,47.0
Q7Z4B0,P47Q,0.2984,benign,TTC21B,47.0
Q7Z4B0,P47R,0.2954,benign,TTC21B,47.0
Q7Z4B0,P47S,0.2548,benign,TTC21B,47.0
Q7Z4B0,P47T,0.2028,benign,TTC21B,47.0
Q7Z4B0,P47V,0.3761,ambiguous,TTC21B,47.0
Q7Z4B0,P47W,0.877,pathogenic,TTC21B,47.0
Q7Z4B0,P47Y,0.6588,pathogenic,TTC21B,47.0
Q7Z4B0,S48A,0.1462,benign,TTC21B,48.0
Q7Z4B0,S48C,0.2745,benign,TTC21B,48.0
Q7Z4B0,S48D,0.6617,pathogenic,TTC21B,48.0
Q7Z4B0,S48E,0.6203,pathogenic,TTC21B,48.0
Q7Z4B0,S48F,0.6058,pathogenic,TTC21B,48.0
Q7Z4B0,S48G,0.2229,benign,TTC21B,48.0
Q7Z4B0,S48H,0.6084,pathogenic,TTC21B,48.0
Q7Z4B0,S48I,0.5152,ambiguous,TTC21B,48.0
Q7Z4B0,S48K,0.7979,pathogenic,TTC21B,48.0
Q7Z4B0,S48L,0.3909,ambiguous,TTC21B,48.0
Q7Z4B0,S48M,0.5426,ambiguous,TTC21B,48.0
Q7Z4B0,S48N,0.3916,ambiguous,TTC21B,48.0
Q7Z4B0,S48P,0.4621,ambiguous,TTC21B,48.0
Q7Z4B0,S48Q,0.6585,pathogenic,TTC21B,48.0
Q7Z4B0,S48R,0.6991,pathogenic,TTC21B,48.0
Q7Z4B0,S48T,0.2088,benign,TTC21B,48.0
Q7Z4B0,S48V,0.496,ambiguous,TTC21B,48.0
Q7Z4B0,S48W,0.7059,pathogenic,TTC21B,48.0
Q7Z4B0,S48Y,0.5519,ambiguous,TTC21B,48.0
Q7Z4B0,G49A,0.3131,benign,TTC21B,49.0
Q7Z4B0,G49C,0.3823,ambiguous,TTC21B,49.0
Q7Z4B0,G49D,0.312,benign,TTC21B,49.0
Q7Z4B0,G49E,0.3568,ambiguous,TTC21B,49.0
Q7Z4B0,G49F,0.8051,pathogenic,TTC21B,49.0
Q7Z4B0,G49H,0.5854,pathogenic,TTC21B,49.0
Q7Z4B0,G49I,0.5173,ambiguous,TTC21B,49.0
Q7Z4B0,G49K,0.6242,pathogenic,TTC21B,49.0
Q7Z4B0,G49L,0.7359,pathogenic,TTC21B,49.0
Q7Z4B0,G49M,0.7736,pathogenic,TTC21B,49.0
Q7Z4B0,G49N,0.4812,ambiguous,TTC21B,49.0
Q7Z4B0,G49P,0.8727,pathogenic,TTC21B,49.0
Q7Z4B0,G49Q,0.5204,ambiguous,TTC21B,49.0
Q7Z4B0,G49R,0.444,ambiguous,TTC21B,49.0
Q7Z4B0,G49S,0.1513,benign,TTC21B,49.0
Q7Z4B0,G49T,0.4055,ambiguous,TTC21B,49.0
Q7Z4B0,G49V,0.4329,ambiguous,TTC21B,49.0
Q7Z4B0,G49W,0.6482,pathogenic,TTC21B,49.0
Q7Z4B0,G49Y,0.6658,pathogenic,TTC21B,49.0
Q7Z4B0,L50A,0.5938,pathogenic,TTC21B,50.0
Q7Z4B0,L50C,0.7988,pathogenic,TTC21B,50.0
Q7Z4B0,L50D,0.8044,pathogenic,TTC21B,50.0
Q7Z4B0,L50E,0.5602,ambiguous,TTC21B,50.0
Q7Z4B0,L50F,0.239,benign,TTC21B,50.0
Q7Z4B0,L50G,0.7945,pathogenic,TTC21B,50.0
Q7Z4B0,L50H,0.4993,ambiguous,TTC21B,50.0
Q7Z4B0,L50I,0.1735,benign,TTC21B,50.0
Q7Z4B0,L50K,0.5016,ambiguous,TTC21B,50.0
Q7Z4B0,L50M,0.2498,benign,TTC21B,50.0
Q7Z4B0,L50N,0.6375,pathogenic,TTC21B,50.0
Q7Z4B0,L50P,0.538,ambiguous,TTC21B,50.0
Q7Z4B0,L50Q,0.3602,ambiguous,TTC21B,50.0
Q7Z4B0,L50R,0.4527,ambiguous,TTC21B,50.0
Q7Z4B0,L50S,0.6102,pathogenic,TTC21B,50.0
Q7Z4B0,L50T,0.5488,ambiguous,TTC21B,50.0
Q7Z4B0,L50V,0.2539,benign,TTC21B,50.0
Q7Z4B0,L50W,0.4472,ambiguous,TTC21B,50.0
Q7Z4B0,L50Y,0.6398,pathogenic,TTC21B,50.0
Q7Z4B0,S51A,0.1805,benign,TTC21B,51.0
Q7Z4B0,S51C,0.2377,benign,TTC21B,51.0
Q7Z4B0,S51D,0.696,pathogenic,TTC21B,51.0
Q7Z4B0,S51E,0.663,pathogenic,TTC21B,51.0
Q7Z4B0,S51F,0.5065,ambiguous,TTC21B,51.0
Q7Z4B0,S51G,0.283,benign,TTC21B,51.0
Q7Z4B0,S51H,0.5072,ambiguous,TTC21B,51.0
Q7Z4B0,S51I,0.4788,ambiguous,TTC21B,51.0
Q7Z4B0,S51K,0.7989,pathogenic,TTC21B,51.0
Q7Z4B0,S51L,0.3359,benign,TTC21B,51.0
Q7Z4B0,S51M,0.5186,ambiguous,TTC21B,51.0
Q7Z4B0,S51N,0.3785,ambiguous,TTC21B,51.0
Q7Z4B0,S51P,0.4476,ambiguous,TTC21B,51.0
Q7Z4B0,S51Q,0.6353,pathogenic,TTC21B,51.0
Q7Z4B0,S51R,0.6997,pathogenic,TTC21B,51.0
Q7Z4B0,S51T,0.1955,benign,TTC21B,51.0
Q7Z4B0,S51V,0.5034,ambiguous,TTC21B,51.0
Q7Z4B0,S51W,0.592,pathogenic,TTC21B,51.0
Q7Z4B0,S51Y,0.4041,ambiguous,TTC21B,51.0
Q7Z4B0,A52C,0.7914,pathogenic,TTC21B,52.0
Q7Z4B0,A52D,0.7167,pathogenic,TTC21B,52.0
Q7Z4B0,A52E,0.498,ambiguous,TTC21B,52.0
Q7Z4B0,A52F,0.5542,ambiguous,TTC21B,52.0
Q7Z4B0,A52G,0.3447,ambiguous,TTC21B,52.0
Q7Z4B0,A52H,0.8274,pathogenic,TTC21B,52.0
Q7Z4B0,A52I,0.3863,ambiguous,TTC21B,52.0
Q7Z4B0,A52K,0.7407,pathogenic,TTC21B,52.0
Q7Z4B0,A52L,0.3687,ambiguous,TTC21B,52.0
Q7Z4B0,A52M,0.3676,ambiguous,TTC21B,52.0
Q7Z4B0,A52N,0.6682,pathogenic,TTC21B,52.0
Q7Z4B0,A52P,0.5754,pathogenic,TTC21B,52.0
Q7Z4B0,A52Q,0.5989,pathogenic,TTC21B,52.0
Q7Z4B0,A52R,0.6379,pathogenic,TTC21B,52.0
Q7Z4B0,A52S,0.1883,benign,TTC21B,52.0
Q7Z4B0,A52T,0.1568,benign,TTC21B,52.0
Q7Z4B0,A52V,0.1415,benign,TTC21B,52.0
Q7Z4B0,A52W,0.9464,pathogenic,TTC21B,52.0
Q7Z4B0,A52Y,0.8228,pathogenic,TTC21B,52.0
Q7Z4B0,T53A,0.175,benign,TTC21B,53.0
Q7Z4B0,T53C,0.7376,pathogenic,TTC21B,53.0
Q7Z4B0,T53D,0.7514,pathogenic,TTC21B,53.0
Q7Z4B0,T53E,0.6452,pathogenic,TTC21B,53.0
Q7Z4B0,T53F,0.3781,ambiguous,TTC21B,53.0
Q7Z4B0,T53G,0.6656,pathogenic,TTC21B,53.0
Q7Z4B0,T53H,0.5217,ambiguous,TTC21B,53.0
Q7Z4B0,T53I,0.1507,benign,TTC21B,53.0
Q7Z4B0,T53K,0.448,ambiguous,TTC21B,53.0
Q7Z4B0,T53L,0.1957,benign,TTC21B,53.0
Q7Z4B0,T53M,0.1513,benign,TTC21B,53.0
Q7Z4B0,T53N,0.3342,benign,TTC21B,53.0
Q7Z4B0,T53P,0.359,ambiguous,TTC21B,53.0
Q7Z4B0,T53Q,0.4653,ambiguous,TTC21B,53.0
Q7Z4B0,T53R,0.3931,ambiguous,TTC21B,53.0
Q7Z4B0,T53S,0.2796,benign,TTC21B,53.0
Q7Z4B0,T53V,0.1612,benign,TTC21B,53.0
Q7Z4B0,T53W,0.8994,pathogenic,TTC21B,53.0
Q7Z4B0,T53Y,0.5962,pathogenic,TTC21B,53.0
Q7Z4B0,L54A,0.5689,pathogenic,TTC21B,54.0
Q7Z4B0,L54C,0.8385,pathogenic,TTC21B,54.0
Q7Z4B0,L54D,0.8929,pathogenic,TTC21B,54.0
Q7Z4B0,L54E,0.6112,pathogenic,TTC21B,54.0
Q7Z4B0,L54F,0.2594,benign,TTC21B,54.0
Q7Z4B0,L54G,0.861,pathogenic,TTC21B,54.0
Q7Z4B0,L54H,0.5861,pathogenic,TTC21B,54.0
Q7Z4B0,L54I,0.1579,benign,TTC21B,54.0
Q7Z4B0,L54K,0.5516,ambiguous,TTC21B,54.0
Q7Z4B0,L54M,0.2148,benign,TTC21B,54.0
Q7Z4B0,L54N,0.7944,pathogenic,TTC21B,54.0
Q7Z4B0,L54P,0.7403,pathogenic,TTC21B,54.0
Q7Z4B0,L54Q,0.398,ambiguous,TTC21B,54.0
Q7Z4B0,L54R,0.4703,ambiguous,TTC21B,54.0
Q7Z4B0,L54S,0.686,pathogenic,TTC21B,54.0
Q7Z4B0,L54T,0.5561,ambiguous,TTC21B,54.0
Q7Z4B0,L54V,0.1829,benign,TTC21B,54.0
Q7Z4B0,L54W,0.5043,ambiguous,TTC21B,54.0
Q7Z4B0,L54Y,0.7312,pathogenic,TTC21B,54.0
Q7Z4B0,T55A,0.1963,benign,TTC21B,55.0
Q7Z4B0,T55C,0.8208,pathogenic,TTC21B,55.0
Q7Z4B0,T55D,0.8439,pathogenic,TTC21B,55.0
Q7Z4B0,T55E,0.6876,pathogenic,TTC21B,55.0
Q7Z4B0,T55F,0.6753,pathogenic,TTC21B,55.0
Q7Z4B0,T55G,0.6518,pathogenic,TTC21B,55.0
Q7Z4B0,T55H,0.7149,pathogenic,TTC21B,55.0
Q7Z4B0,T55I,0.4871,ambiguous,TTC21B,55.0
Q7Z4B0,T55K,0.5936,pathogenic,TTC21B,55.0
Q7Z4B0,T55L,0.3826,ambiguous,TTC21B,55.0
Q7Z4B0,T55M,0.3094,benign,TTC21B,55.0
Q7Z4B0,T55N,0.5003,ambiguous,TTC21B,55.0
Q7Z4B0,T55P,0.5555,ambiguous,TTC21B,55.0
Q7Z4B0,T55Q,0.5368,ambiguous,TTC21B,55.0
Q7Z4B0,T55R,0.5302,ambiguous,TTC21B,55.0
Q7Z4B0,T55S,0.3549,ambiguous,TTC21B,55.0
Q7Z4B0,T55V,0.3529,ambiguous,TTC21B,55.0
Q7Z4B0,T55W,0.9434,pathogenic,TTC21B,55.0
Q7Z4B0,T55Y,0.7767,pathogenic,TTC21B,55.0
Q7Z4B0,K56A,0.6712,pathogenic,TTC21B,56.0
Q7Z4B0,K56C,0.965,pathogenic,TTC21B,56.0
Q7Z4B0,K56D,0.9001,pathogenic,TTC21B,56.0
Q7Z4B0,K56E,0.5175,ambiguous,TTC21B,56.0
Q7Z4B0,K56F,0.98,pathogenic,TTC21B,56.0
Q7Z4B0,K56G,0.8692,pathogenic,TTC21B,56.0
Q7Z4B0,K56H,0.7696,pathogenic,TTC21B,56.0
Q7Z4B0,K56I,0.8052,pathogenic,TTC21B,56.0
Q7Z4B0,K56L,0.8527,pathogenic,TTC21B,56.0
Q7Z4B0,K56M,0.6075,pathogenic,TTC21B,56.0
Q7Z4B0,K56N,0.7707,pathogenic,TTC21B,56.0
Q7Z4B0,K56P,0.9538,pathogenic,TTC21B,56.0
Q7Z4B0,K56Q,0.4335,ambiguous,TTC21B,56.0
Q7Z4B0,K56R,0.1927,benign,TTC21B,56.0
Q7Z4B0,K56S,0.7552,pathogenic,TTC21B,56.0
Q7Z4B0,K56T,0.3886,ambiguous,TTC21B,56.0
Q7Z4B0,K56V,0.7295,pathogenic,TTC21B,56.0
Q7Z4B0,K56W,0.9835,pathogenic,TTC21B,56.0
Q7Z4B0,K56Y,0.9536,pathogenic,TTC21B,56.0
Q7Z4B0,V57A,0.775,pathogenic,TTC21B,57.0
Q7Z4B0,V57C,0.9811,pathogenic,TTC21B,57.0
Q7Z4B0,V57D,0.8805,pathogenic,TTC21B,57.0
Q7Z4B0,V57E,0.7306,pathogenic,TTC21B,57.0
Q7Z4B0,V57F,0.6409,pathogenic,TTC21B,57.0
Q7Z4B0,V57G,0.6355,pathogenic,TTC21B,57.0
Q7Z4B0,V57H,0.9652,pathogenic,TTC21B,57.0
Q7Z4B0,V57I,0.1893,benign,TTC21B,57.0
Q7Z4B0,V57K,0.8037,pathogenic,TTC21B,57.0
Q7Z4B0,V57L,0.6992,pathogenic,TTC21B,57.0
Q7Z4B0,V57M,0.5796,pathogenic,TTC21B,57.0
Q7Z4B0,V57N,0.8522,pathogenic,TTC21B,57.0
Q7Z4B0,V57P,0.9554,pathogenic,TTC21B,57.0
Q7Z4B0,V57Q,0.7831,pathogenic,TTC21B,57.0
Q7Z4B0,V57R,0.7705,pathogenic,TTC21B,57.0
Q7Z4B0,V57S,0.8416,pathogenic,TTC21B,57.0
Q7Z4B0,V57T,0.763,pathogenic,TTC21B,57.0
Q7Z4B0,V57W,0.9842,pathogenic,TTC21B,57.0
Q7Z4B0,V57Y,0.9231,pathogenic,TTC21B,57.0
Q7Z4B0,K58A,0.7623,pathogenic,TTC21B,58.0
Q7Z4B0,K58C,0.937,pathogenic,TTC21B,58.0
Q7Z4B0,K58D,0.8913,pathogenic,TTC21B,58.0
Q7Z4B0,K58E,0.5999,pathogenic,TTC21B,58.0
Q7Z4B0,K58F,0.9518,pathogenic,TTC21B,58.0
Q7Z4B0,K58G,0.8819,pathogenic,TTC21B,58.0
Q7Z4B0,K58H,0.6762,pathogenic,TTC21B,58.0
Q7Z4B0,K58I,0.7079,pathogenic,TTC21B,58.0
Q7Z4B0,K58L,0.7976,pathogenic,TTC21B,58.0
Q7Z4B0,K58M,0.6138,pathogenic,TTC21B,58.0
Q7Z4B0,K58N,0.7042,pathogenic,TTC21B,58.0
Q7Z4B0,K58P,0.9276,pathogenic,TTC21B,58.0
Q7Z4B0,K58Q,0.3911,ambiguous,TTC21B,58.0
Q7Z4B0,K58R,0.183,benign,TTC21B,58.0
Q7Z4B0,K58S,0.7688,pathogenic,TTC21B,58.0
Q7Z4B0,K58T,0.4168,ambiguous,TTC21B,58.0
Q7Z4B0,K58V,0.74,pathogenic,TTC21B,58.0
Q7Z4B0,K58W,0.9648,pathogenic,TTC21B,58.0
Q7Z4B0,K58Y,0.9125,pathogenic,TTC21B,58.0
Q7Z4B0,C59A,0.9045,pathogenic,TTC21B,59.0
Q7Z4B0,C59D,0.9597,pathogenic,TTC21B,59.0
Q7Z4B0,C59E,0.9741,pathogenic,TTC21B,59.0
Q7Z4B0,C59F,0.68,pathogenic,TTC21B,59.0
Q7Z4B0,C59G,0.6203,pathogenic,TTC21B,59.0
Q7Z4B0,C59H,0.9569,pathogenic,TTC21B,59.0
Q7Z4B0,C59I,0.9275,pathogenic,TTC21B,59.0
Q7Z4B0,C59K,0.9775,pathogenic,TTC21B,59.0
Q7Z4B0,C59L,0.9152,pathogenic,TTC21B,59.0
Q7Z4B0,C59M,0.9376,pathogenic,TTC21B,59.0
Q7Z4B0,C59N,0.9403,pathogenic,TTC21B,59.0
Q7Z4B0,C59P,0.9767,pathogenic,TTC21B,59.0
Q7Z4B0,C59Q,0.9708,pathogenic,TTC21B,59.0
Q7Z4B0,C59R,0.8808,pathogenic,TTC21B,59.0
Q7Z4B0,C59S,0.8778,pathogenic,TTC21B,59.0
Q7Z4B0,C59T,0.9046,pathogenic,TTC21B,59.0
Q7Z4B0,C59V,0.8706,pathogenic,TTC21B,59.0
Q7Z4B0,C59W,0.9195,pathogenic,TTC21B,59.0
Q7Z4B0,C59Y,0.7217,pathogenic,TTC21B,59.0
Q7Z4B0,A60C,0.7877,pathogenic,TTC21B,60.0
Q7Z4B0,A60D,0.589,pathogenic,TTC21B,60.0
Q7Z4B0,A60E,0.3966,ambiguous,TTC21B,60.0
Q7Z4B0,A60F,0.6953,pathogenic,TTC21B,60.0
Q7Z4B0,A60G,0.2729,benign,TTC21B,60.0
Q7Z4B0,A60H,0.7126,pathogenic,TTC21B,60.0
Q7Z4B0,A60I,0.6159,pathogenic,TTC21B,60.0
Q7Z4B0,A60K,0.5301,ambiguous,TTC21B,60.0
Q7Z4B0,A60L,0.4666,ambiguous,TTC21B,60.0
Q7Z4B0,A60M,0.5719,pathogenic,TTC21B,60.0
Q7Z4B0,A60N,0.544,ambiguous,TTC21B,60.0
Q7Z4B0,A60P,0.4832,ambiguous,TTC21B,60.0
Q7Z4B0,A60Q,0.406,ambiguous,TTC21B,60.0
Q7Z4B0,A60R,0.4099,ambiguous,TTC21B,60.0
Q7Z4B0,A60S,0.1066,benign,TTC21B,60.0
Q7Z4B0,A60T,0.1564,benign,TTC21B,60.0
Q7Z4B0,A60V,0.323,benign,TTC21B,60.0
Q7Z4B0,A60W,0.9314,pathogenic,TTC21B,60.0
Q7Z4B0,A60Y,0.8399,pathogenic,TTC21B,60.0
Q7Z4B0,K61A,0.7548,pathogenic,TTC21B,61.0
Q7Z4B0,K61C,0.9711,pathogenic,TTC21B,61.0
Q7Z4B0,K61D,0.8755,pathogenic,TTC21B,61.0
Q7Z4B0,K61E,0.5078,ambiguous,TTC21B,61.0
Q7Z4B0,K61F,0.9806,pathogenic,TTC21B,61.0
Q7Z4B0,K61G,0.7624,pathogenic,TTC21B,61.0
Q7Z4B0,K61H,0.8197,pathogenic,TTC21B,61.0
Q7Z4B0,K61I,0.8873,pathogenic,TTC21B,61.0
Q7Z4B0,K61L,0.8717,pathogenic,TTC21B,61.0
Q7Z4B0,K61M,0.7595,pathogenic,TTC21B,61.0
Q7Z4B0,K61N,0.7516,pathogenic,TTC21B,61.0
Q7Z4B0,K61P,0.8943,pathogenic,TTC21B,61.0
Q7Z4B0,K61Q,0.4232,ambiguous,TTC21B,61.0
Q7Z4B0,K61R,0.2017,benign,TTC21B,61.0
Q7Z4B0,K61S,0.7435,pathogenic,TTC21B,61.0
Q7Z4B0,K61T,0.6153,pathogenic,TTC21B,61.0
Q7Z4B0,K61V,0.8656,pathogenic,TTC21B,61.0
Q7Z4B0,K61W,0.9839,pathogenic,TTC21B,61.0
Q7Z4B0,K61Y,0.9616,pathogenic,TTC21B,61.0
Q7Z4B0,R62A,0.7623,pathogenic,TTC21B,62.0
Q7Z4B0,R62C,0.4587,ambiguous,TTC21B,62.0
Q7Z4B0,R62D,0.8706,pathogenic,TTC21B,62.0
Q7Z4B0,R62E,0.6159,pathogenic,TTC21B,62.0
Q7Z4B0,R62F,0.9043,pathogenic,TTC21B,62.0
Q7Z4B0,R62G,0.464,ambiguous,TTC21B,62.0
Q7Z4B0,R62H,0.302,benign,TTC21B,62.0
Q7Z4B0,R62I,0.627,pathogenic,TTC21B,62.0
Q7Z4B0,R62K,0.214,benign,TTC21B,62.0
Q7Z4B0,R62L,0.6744,pathogenic,TTC21B,62.0
Q7Z4B0,R62M,0.6648,pathogenic,TTC21B,62.0
Q7Z4B0,R62N,0.7981,pathogenic,TTC21B,62.0
Q7Z4B0,R62P,0.8285,pathogenic,TTC21B,62.0
Q7Z4B0,R62Q,0.2124,benign,TTC21B,62.0
Q7Z4B0,R62S,0.7623,pathogenic,TTC21B,62.0
Q7Z4B0,R62T,0.5662,pathogenic,TTC21B,62.0
Q7Z4B0,R62V,0.7668,pathogenic,TTC21B,62.0
Q7Z4B0,R62W,0.4847,ambiguous,TTC21B,62.0
Q7Z4B0,R62Y,0.7692,pathogenic,TTC21B,62.0
Q7Z4B0,Q63A,0.7152,pathogenic,TTC21B,63.0
Q7Z4B0,Q63C,0.9608,pathogenic,TTC21B,63.0
Q7Z4B0,Q63D,0.7534,pathogenic,TTC21B,63.0
Q7Z4B0,Q63E,0.157,benign,TTC21B,63.0
Q7Z4B0,Q63F,0.9679,pathogenic,TTC21B,63.0
Q7Z4B0,Q63G,0.6103,pathogenic,TTC21B,63.0
Q7Z4B0,Q63H,0.6675,pathogenic,TTC21B,63.0
Q7Z4B0,Q63I,0.9097,pathogenic,TTC21B,63.0
Q7Z4B0,Q63K,0.204,benign,TTC21B,63.0
Q7Z4B0,Q63L,0.6588,pathogenic,TTC21B,63.0
Q7Z4B0,Q63M,0.8142,pathogenic,TTC21B,63.0
Q7Z4B0,Q63N,0.5524,ambiguous,TTC21B,63.0
Q7Z4B0,Q63P,0.4957,ambiguous,TTC21B,63.0
Q7Z4B0,Q63R,0.3162,benign,TTC21B,63.0
Q7Z4B0,Q63S,0.6115,pathogenic,TTC21B,63.0
Q7Z4B0,Q63T,0.66,pathogenic,TTC21B,63.0
Q7Z4B0,Q63V,0.8351,pathogenic,TTC21B,63.0
Q7Z4B0,Q63W,0.9149,pathogenic,TTC21B,63.0
Q7Z4B0,Q63Y,0.929,pathogenic,TTC21B,63.0
Q7Z4B0,K64A,0.8557,pathogenic,TTC21B,64.0
Q7Z4B0,K64C,0.9765,pathogenic,TTC21B,64.0
Q7Z4B0,K64D,0.9052,pathogenic,TTC21B,64.0
Q7Z4B0,K64E,0.6033,pathogenic,TTC21B,64.0
Q7Z4B0,K64F,0.9859,pathogenic,TTC21B,64.0
Q7Z4B0,K64G,0.8847,pathogenic,TTC21B,64.0
Q7Z4B0,K64H,0.8401,pathogenic,TTC21B,64.0
Q7Z4B0,K64I,0.8804,pathogenic,TTC21B,64.0
Q7Z4B0,K64L,0.9047,pathogenic,TTC21B,64.0
Q7Z4B0,K64M,0.7128,pathogenic,TTC21B,64.0
Q7Z4B0,K64N,0.7733,pathogenic,TTC21B,64.0
Q7Z4B0,K64P,0.9641,pathogenic,TTC21B,64.0
Q7Z4B0,K64Q,0.5269,ambiguous,TTC21B,64.0
Q7Z4B0,K64R,0.2863,benign,TTC21B,64.0
Q7Z4B0,K64S,0.8901,pathogenic,TTC21B,64.0
Q7Z4B0,K64T,0.6788,pathogenic,TTC21B,64.0
Q7Z4B0,K64V,0.8743,pathogenic,TTC21B,64.0
Q7Z4B0,K64W,0.9883,pathogenic,TTC21B,64.0
Q7Z4B0,K64Y,0.9561,pathogenic,TTC21B,64.0
Q7Z4B0,T65A,0.3013,benign,TTC21B,65.0
Q7Z4B0,T65C,0.951,pathogenic,TTC21B,65.0
Q7Z4B0,T65D,0.8461,pathogenic,TTC21B,65.0
Q7Z4B0,T65E,0.7311,pathogenic,TTC21B,65.0
Q7Z4B0,T65F,0.8768,pathogenic,TTC21B,65.0
Q7Z4B0,T65G,0.7897,pathogenic,TTC21B,65.0
Q7Z4B0,T65H,0.845,pathogenic,TTC21B,65.0
Q7Z4B0,T65I,0.5525,ambiguous,TTC21B,65.0
Q7Z4B0,T65K,0.6023,pathogenic,TTC21B,65.0
Q7Z4B0,T65L,0.5676,pathogenic,TTC21B,65.0
Q7Z4B0,T65M,0.306,benign,TTC21B,65.0
Q7Z4B0,T65N,0.5044,ambiguous,TTC21B,65.0
Q7Z4B0,T65P,0.5186,ambiguous,TTC21B,65.0
Q7Z4B0,T65Q,0.698,pathogenic,TTC21B,65.0
Q7Z4B0,T65R,0.6223,pathogenic,TTC21B,65.0
Q7Z4B0,T65S,0.5126,ambiguous,TTC21B,65.0
Q7Z4B0,T65V,0.4699,ambiguous,TTC21B,65.0
Q7Z4B0,T65W,0.9769,pathogenic,TTC21B,65.0
Q7Z4B0,T65Y,0.8843,pathogenic,TTC21B,65.0
Q7Z4B0,V66A,0.5885,pathogenic,TTC21B,66.0
Q7Z4B0,V66C,0.9833,pathogenic,TTC21B,66.0
Q7Z4B0,V66D,0.9134,pathogenic,TTC21B,66.0
Q7Z4B0,V66E,0.7852,pathogenic,TTC21B,66.0
Q7Z4B0,V66F,0.6555,pathogenic,TTC21B,66.0
Q7Z4B0,V66G,0.7968,pathogenic,TTC21B,66.0
Q7Z4B0,V66H,0.9655,pathogenic,TTC21B,66.0
Q7Z4B0,V66I,0.1681,benign,TTC21B,66.0
Q7Z4B0,V66K,0.8128,pathogenic,TTC21B,66.0
Q7Z4B0,V66L,0.6871,pathogenic,TTC21B,66.0
Q7Z4B0,V66M,0.4985,ambiguous,TTC21B,66.0
Q7Z4B0,V66N,0.8935,pathogenic,TTC21B,66.0
Q7Z4B0,V66P,0.9539,pathogenic,TTC21B,66.0
Q7Z4B0,V66Q,0.8357,pathogenic,TTC21B,66.0
Q7Z4B0,V66R,0.7729,pathogenic,TTC21B,66.0
Q7Z4B0,V66S,0.7896,pathogenic,TTC21B,66.0
Q7Z4B0,V66T,0.5838,pathogenic,TTC21B,66.0
Q7Z4B0,V66W,0.9914,pathogenic,TTC21B,66.0
Q7Z4B0,V66Y,0.9601,pathogenic,TTC21B,66.0
Q7Z4B0,V67A,0.7891,pathogenic,TTC21B,67.0
Q7Z4B0,V67C,0.9605,pathogenic,TTC21B,67.0
Q7Z4B0,V67D,0.9458,pathogenic,TTC21B,67.0
Q7Z4B0,V67E,0.8348,pathogenic,TTC21B,67.0
Q7Z4B0,V67F,0.5622,ambiguous,TTC21B,67.0
Q7Z4B0,V67G,0.775,pathogenic,TTC21B,67.0
Q7Z4B0,V67H,0.9614,pathogenic,TTC21B,67.0
Q7Z4B0,V67I,0.1724,benign,TTC21B,67.0
Q7Z4B0,V67K,0.8479,pathogenic,TTC21B,67.0
Q7Z4B0,V67L,0.6565,pathogenic,TTC21B,67.0
Q7Z4B0,V67M,0.6041,pathogenic,TTC21B,67.0
Q7Z4B0,V67N,0.9033,pathogenic,TTC21B,67.0
Q7Z4B0,V67P,0.9586,pathogenic,TTC21B,67.0
Q7Z4B0,V67Q,0.8233,pathogenic,TTC21B,67.0
Q7Z4B0,V67R,0.793,pathogenic,TTC21B,67.0
Q7Z4B0,V67S,0.8078,pathogenic,TTC21B,67.0
Q7Z4B0,V67T,0.7231,pathogenic,TTC21B,67.0
Q7Z4B0,V67W,0.9852,pathogenic,TTC21B,67.0
Q7Z4B0,V67Y,0.9334,pathogenic,TTC21B,67.0
Q7Z4B0,R68A,0.8269,pathogenic,TTC21B,68.0
Q7Z4B0,R68C,0.4975,ambiguous,TTC21B,68.0
Q7Z4B0,R68D,0.9478,pathogenic,TTC21B,68.0
Q7Z4B0,R68E,0.7364,pathogenic,TTC21B,68.0
Q7Z4B0,R68F,0.94,pathogenic,TTC21B,68.0
Q7Z4B0,R68G,0.7036,pathogenic,TTC21B,68.0
Q7Z4B0,R68H,0.3277,benign,TTC21B,68.0
Q7Z4B0,R68I,0.7201,pathogenic,TTC21B,68.0
Q7Z4B0,R68K,0.276,benign,TTC21B,68.0
Q7Z4B0,R68L,0.7484,pathogenic,TTC21B,68.0
Q7Z4B0,R68M,0.7478,pathogenic,TTC21B,68.0
Q7Z4B0,R68N,0.9224,pathogenic,TTC21B,68.0
Q7Z4B0,R68P,0.9447,pathogenic,TTC21B,68.0
Q7Z4B0,R68Q,0.267,benign,TTC21B,68.0
Q7Z4B0,R68S,0.8447,pathogenic,TTC21B,68.0
Q7Z4B0,R68T,0.6163,pathogenic,TTC21B,68.0
Q7Z4B0,R68V,0.8076,pathogenic,TTC21B,68.0
Q7Z4B0,R68W,0.5486,ambiguous,TTC21B,68.0
Q7Z4B0,R68Y,0.8651,pathogenic,TTC21B,68.0
Q7Z4B0,V69A,0.8624,pathogenic,TTC21B,69.0
Q7Z4B0,V69C,0.9706,pathogenic,TTC21B,69.0
Q7Z4B0,V69D,0.9683,pathogenic,TTC21B,69.0
Q7Z4B0,V69E,0.9041,pathogenic,TTC21B,69.0
Q7Z4B0,V69F,0.6955,pathogenic,TTC21B,69.0
Q7Z4B0,V69G,0.7625,pathogenic,TTC21B,69.0
Q7Z4B0,V69H,0.9814,pathogenic,TTC21B,69.0
Q7Z4B0,V69I,0.204,benign,TTC21B,69.0
Q7Z4B0,V69K,0.9092,pathogenic,TTC21B,69.0
Q7Z4B0,V69L,0.7514,pathogenic,TTC21B,69.0
Q7Z4B0,V69M,0.685,pathogenic,TTC21B,69.0
Q7Z4B0,V69N,0.9348,pathogenic,TTC21B,69.0
Q7Z4B0,V69P,0.9788,pathogenic,TTC21B,69.0
Q7Z4B0,V69Q,0.9106,pathogenic,TTC21B,69.0
Q7Z4B0,V69R,0.8824,pathogenic,TTC21B,69.0
Q7Z4B0,V69S,0.8951,pathogenic,TTC21B,69.0
Q7Z4B0,V69T,0.854,pathogenic,TTC21B,69.0
Q7Z4B0,V69W,0.9917,pathogenic,TTC21B,69.0
Q7Z4B0,V69Y,0.9466,pathogenic,TTC21B,69.0
Q7Z4B0,R70A,0.8813,pathogenic,TTC21B,70.0
Q7Z4B0,R70C,0.4224,ambiguous,TTC21B,70.0
Q7Z4B0,R70D,0.9462,pathogenic,TTC21B,70.0
Q7Z4B0,R70E,0.8282,pathogenic,TTC21B,70.0
Q7Z4B0,R70F,0.9364,pathogenic,TTC21B,70.0
Q7Z4B0,R70G,0.7489,pathogenic,TTC21B,70.0
Q7Z4B0,R70H,0.2773,benign,TTC21B,70.0
Q7Z4B0,R70I,0.7106,pathogenic,TTC21B,70.0
Q7Z4B0,R70K,0.3232,benign,TTC21B,70.0
Q7Z4B0,R70L,0.7651,pathogenic,TTC21B,70.0
Q7Z4B0,R70M,0.8319,pathogenic,TTC21B,70.0
Q7Z4B0,R70N,0.8996,pathogenic,TTC21B,70.0
Q7Z4B0,R70P,0.9421,pathogenic,TTC21B,70.0
Q7Z4B0,R70Q,0.298,benign,TTC21B,70.0
Q7Z4B0,R70S,0.8255,pathogenic,TTC21B,70.0
Q7Z4B0,R70T,0.6917,pathogenic,TTC21B,70.0
Q7Z4B0,R70V,0.8458,pathogenic,TTC21B,70.0
Q7Z4B0,R70W,0.567,pathogenic,TTC21B,70.0
Q7Z4B0,R70Y,0.8306,pathogenic,TTC21B,70.0
Q7Z4B0,F71A,0.9712,pathogenic,TTC21B,71.0
Q7Z4B0,F71C,0.815,pathogenic,TTC21B,71.0
Q7Z4B0,F71D,0.9834,pathogenic,TTC21B,71.0
Q7Z4B0,F71E,0.9899,pathogenic,TTC21B,71.0
Q7Z4B0,F71G,0.9799,pathogenic,TTC21B,71.0
Q7Z4B0,F71H,0.9419,pathogenic,TTC21B,71.0
Q7Z4B0,F71I,0.7217,pathogenic,TTC21B,71.0
Q7Z4B0,F71K,0.9851,pathogenic,TTC21B,71.0
Q7Z4B0,F71L,0.9804,pathogenic,TTC21B,71.0
Q7Z4B0,F71M,0.9311,pathogenic,TTC21B,71.0
Q7Z4B0,F71N,0.9604,pathogenic,TTC21B,71.0
Q7Z4B0,F71P,0.9971,pathogenic,TTC21B,71.0
Q7Z4B0,F71Q,0.9861,pathogenic,TTC21B,71.0
Q7Z4B0,F71R,0.9694,pathogenic,TTC21B,71.0
Q7Z4B0,F71S,0.956,pathogenic,TTC21B,71.0
Q7Z4B0,F71T,0.9542,pathogenic,TTC21B,71.0
Q7Z4B0,F71V,0.7424,pathogenic,TTC21B,71.0
Q7Z4B0,F71W,0.8645,pathogenic,TTC21B,71.0
Q7Z4B0,F71Y,0.3673,ambiguous,TTC21B,71.0
Q7Z4B0,Y72A,0.9092,pathogenic,TTC21B,72.0
Q7Z4B0,Y72C,0.3669,ambiguous,TTC21B,72.0
Q7Z4B0,Y72D,0.793,pathogenic,TTC21B,72.0
Q7Z4B0,Y72E,0.9489,pathogenic,TTC21B,72.0
Q7Z4B0,Y72F,0.2674,benign,TTC21B,72.0
Q7Z4B0,Y72G,0.8194,pathogenic,TTC21B,72.0
Q7Z4B0,Y72H,0.4607,ambiguous,TTC21B,72.0
Q7Z4B0,Y72I,0.8929,pathogenic,TTC21B,72.0
Q7Z4B0,Y72K,0.8849,pathogenic,TTC21B,72.0
Q7Z4B0,Y72L,0.7952,pathogenic,TTC21B,72.0
Q7Z4B0,Y72M,0.9264,pathogenic,TTC21B,72.0
Q7Z4B0,Y72N,0.6212,pathogenic,TTC21B,72.0
Q7Z4B0,Y72P,0.942,pathogenic,TTC21B,72.0
Q7Z4B0,Y72Q,0.8726,pathogenic,TTC21B,72.0
Q7Z4B0,Y72R,0.6904,pathogenic,TTC21B,72.0
Q7Z4B0,Y72S,0.5917,pathogenic,TTC21B,72.0
Q7Z4B0,Y72T,0.8411,pathogenic,TTC21B,72.0
Q7Z4B0,Y72V,0.8248,pathogenic,TTC21B,72.0
Q7Z4B0,Y72W,0.7073,pathogenic,TTC21B,72.0
Q7Z4B0,M73A,0.4977,ambiguous,TTC21B,73.0
Q7Z4B0,M73C,0.703,pathogenic,TTC21B,73.0
Q7Z4B0,M73D,0.9105,pathogenic,TTC21B,73.0
Q7Z4B0,M73E,0.6828,pathogenic,TTC21B,73.0
Q7Z4B0,M73F,0.4135,ambiguous,TTC21B,73.0
Q7Z4B0,M73G,0.8284,pathogenic,TTC21B,73.0
Q7Z4B0,M73H,0.507,ambiguous,TTC21B,73.0
Q7Z4B0,M73I,0.6188,pathogenic,TTC21B,73.0
Q7Z4B0,M73K,0.259,benign,TTC21B,73.0
Q7Z4B0,M73L,0.277,benign,TTC21B,73.0
Q7Z4B0,M73N,0.627,pathogenic,TTC21B,73.0
Q7Z4B0,M73P,0.8053,pathogenic,TTC21B,73.0
Q7Z4B0,M73Q,0.2776,benign,TTC21B,73.0
Q7Z4B0,M73R,0.257,benign,TTC21B,73.0
Q7Z4B0,M73S,0.4953,ambiguous,TTC21B,73.0
Q7Z4B0,M73T,0.1585,benign,TTC21B,73.0
Q7Z4B0,M73V,0.2115,benign,TTC21B,73.0
Q7Z4B0,M73W,0.7761,pathogenic,TTC21B,73.0
Q7Z4B0,M73Y,0.6683,pathogenic,TTC21B,73.0
Q7Z4B0,L74A,0.6377,pathogenic,TTC21B,74.0
Q7Z4B0,L74C,0.8801,pathogenic,TTC21B,74.0
Q7Z4B0,L74D,0.875,pathogenic,TTC21B,74.0
Q7Z4B0,L74E,0.664,pathogenic,TTC21B,74.0
Q7Z4B0,L74F,0.4362,ambiguous,TTC21B,74.0
Q7Z4B0,L74G,0.8448,pathogenic,TTC21B,74.0
Q7Z4B0,L74H,0.6374,pathogenic,TTC21B,74.0
Q7Z4B0,L74I,0.2763,benign,TTC21B,74.0
Q7Z4B0,L74K,0.5627,ambiguous,TTC21B,74.0
Q7Z4B0,L74M,0.3394,benign,TTC21B,74.0
Q7Z4B0,L74N,0.7256,pathogenic,TTC21B,74.0
Q7Z4B0,L74P,0.6003,pathogenic,TTC21B,74.0
Q7Z4B0,L74Q,0.4641,ambiguous,TTC21B,74.0
Q7Z4B0,L74R,0.5233,ambiguous,TTC21B,74.0
Q7Z4B0,L74S,0.7433,pathogenic,TTC21B,74.0
Q7Z4B0,L74T,0.6498,pathogenic,TTC21B,74.0
Q7Z4B0,L74V,0.3212,benign,TTC21B,74.0
Q7Z4B0,L74W,0.6464,pathogenic,TTC21B,74.0
Q7Z4B0,L74Y,0.7908,pathogenic,TTC21B,74.0
Q7Z4B0,S75A,0.2699,benign,TTC21B,75.0
Q7Z4B0,S75C,0.369,ambiguous,TTC21B,75.0
Q7Z4B0,S75D,0.7683,pathogenic,TTC21B,75.0
Q7Z4B0,S75E,0.8265,pathogenic,TTC21B,75.0
Q7Z4B0,S75F,0.7357,pathogenic,TTC21B,75.0
Q7Z4B0,S75G,0.315,benign,TTC21B,75.0
Q7Z4B0,S75H,0.6664,pathogenic,TTC21B,75.0
Q7Z4B0,S75I,0.7457,pathogenic,TTC21B,75.0
Q7Z4B0,S75K,0.8956,pathogenic,TTC21B,75.0
Q7Z4B0,S75L,0.5948,pathogenic,TTC21B,75.0
Q7Z4B0,S75M,0.7612,pathogenic,TTC21B,75.0
Q7Z4B0,S75N,0.4729,ambiguous,TTC21B,75.0
Q7Z4B0,S75P,0.5341,ambiguous,TTC21B,75.0
Q7Z4B0,S75Q,0.8003,pathogenic,TTC21B,75.0
Q7Z4B0,S75R,0.8386,pathogenic,TTC21B,75.0
Q7Z4B0,S75T,0.3234,benign,TTC21B,75.0
Q7Z4B0,S75V,0.754,pathogenic,TTC21B,75.0
Q7Z4B0,S75W,0.7386,pathogenic,TTC21B,75.0
Q7Z4B0,S75Y,0.6008,pathogenic,TTC21B,75.0
Q7Z4B0,M76A,0.6483,pathogenic,TTC21B,76.0
Q7Z4B0,M76C,0.8232,pathogenic,TTC21B,76.0
Q7Z4B0,M76D,0.8974,pathogenic,TTC21B,76.0
Q7Z4B0,M76E,0.5638,ambiguous,TTC21B,76.0
Q7Z4B0,M76F,0.5171,ambiguous,TTC21B,76.0
Q7Z4B0,M76G,0.7713,pathogenic,TTC21B,76.0
Q7Z4B0,M76H,0.768,pathogenic,TTC21B,76.0
Q7Z4B0,M76I,0.6919,pathogenic,TTC21B,76.0
Q7Z4B0,M76K,0.2934,benign,TTC21B,76.0
Q7Z4B0,M76L,0.2758,benign,TTC21B,76.0
Q7Z4B0,M76N,0.7732,pathogenic,TTC21B,76.0
Q7Z4B0,M76P,0.7803,pathogenic,TTC21B,76.0
Q7Z4B0,M76Q,0.3305,benign,TTC21B,76.0
Q7Z4B0,M76R,0.3411,ambiguous,TTC21B,76.0
Q7Z4B0,M76S,0.6731,pathogenic,TTC21B,76.0
Q7Z4B0,M76T,0.4786,ambiguous,TTC21B,76.0
Q7Z4B0,M76V,0.1872,benign,TTC21B,76.0
Q7Z4B0,M76W,0.7372,pathogenic,TTC21B,76.0
Q7Z4B0,M76Y,0.7911,pathogenic,TTC21B,76.0
Q7Z4B0,K77A,0.8415,pathogenic,TTC21B,77.0
Q7Z4B0,K77C,0.9549,pathogenic,TTC21B,77.0
Q7Z4B0,K77D,0.9034,pathogenic,TTC21B,77.0
Q7Z4B0,K77E,0.613,pathogenic,TTC21B,77.0
Q7Z4B0,K77F,0.9871,pathogenic,TTC21B,77.0
Q7Z4B0,K77G,0.7997,pathogenic,TTC21B,77.0
Q7Z4B0,K77H,0.7853,pathogenic,TTC21B,77.0
Q7Z4B0,K77I,0.9006,pathogenic,TTC21B,77.0
Q7Z4B0,K77L,0.9056,pathogenic,TTC21B,77.0
Q7Z4B0,K77M,0.7959,pathogenic,TTC21B,77.0
Q7Z4B0,K77N,0.8174,pathogenic,TTC21B,77.0
Q7Z4B0,K77P,0.8998,pathogenic,TTC21B,77.0
Q7Z4B0,K77Q,0.4326,ambiguous,TTC21B,77.0
Q7Z4B0,K77R,0.1349,benign,TTC21B,77.0
Q7Z4B0,K77S,0.844,pathogenic,TTC21B,77.0
Q7Z4B0,K77T,0.6938,pathogenic,TTC21B,77.0
Q7Z4B0,K77V,0.8902,pathogenic,TTC21B,77.0
Q7Z4B0,K77W,0.9663,pathogenic,TTC21B,77.0
Q7Z4B0,K77Y,0.9612,pathogenic,TTC21B,77.0
Q7Z4B0,N78A,0.9047,pathogenic,TTC21B,78.0
Q7Z4B0,N78C,0.9093,pathogenic,TTC21B,78.0
Q7Z4B0,N78D,0.3665,ambiguous,TTC21B,78.0
Q7Z4B0,N78E,0.7401,pathogenic,TTC21B,78.0
Q7Z4B0,N78F,0.9709,pathogenic,TTC21B,78.0
Q7Z4B0,N78G,0.799,pathogenic,TTC21B,78.0
Q7Z4B0,N78H,0.4786,ambiguous,TTC21B,78.0
Q7Z4B0,N78I,0.8685,pathogenic,TTC21B,78.0
Q7Z4B0,N78K,0.699,pathogenic,TTC21B,78.0
Q7Z4B0,N78L,0.887,pathogenic,TTC21B,78.0
Q7Z4B0,N78M,0.902,pathogenic,TTC21B,78.0
Q7Z4B0,N78P,0.9345,pathogenic,TTC21B,78.0
Q7Z4B0,N78Q,0.8309,pathogenic,TTC21B,78.0
Q7Z4B0,N78R,0.8188,pathogenic,TTC21B,78.0
Q7Z4B0,N78S,0.3857,ambiguous,TTC21B,78.0
Q7Z4B0,N78T,0.6547,pathogenic,TTC21B,78.0
Q7Z4B0,N78V,0.9074,pathogenic,TTC21B,78.0
Q7Z4B0,N78W,0.9707,pathogenic,TTC21B,78.0
Q7Z4B0,N78Y,0.5838,pathogenic,TTC21B,78.0
Q7Z4B0,K79A,0.7319,pathogenic,TTC21B,79.0
Q7Z4B0,K79C,0.9706,pathogenic,TTC21B,79.0
Q7Z4B0,K79D,0.8551,pathogenic,TTC21B,79.0
Q7Z4B0,K79E,0.5086,ambiguous,TTC21B,79.0
Q7Z4B0,K79F,0.9731,pathogenic,TTC21B,79.0
Q7Z4B0,K79G,0.8251,pathogenic,TTC21B,79.0
Q7Z4B0,K79H,0.7734,pathogenic,TTC21B,79.0
Q7Z4B0,K79I,0.8336,pathogenic,TTC21B,79.0
Q7Z4B0,K79L,0.858,pathogenic,TTC21B,79.0
Q7Z4B0,K79M,0.6868,pathogenic,TTC21B,79.0
Q7Z4B0,K79N,0.7483,pathogenic,TTC21B,79.0
Q7Z4B0,K79P,0.8719,pathogenic,TTC21B,79.0
Q7Z4B0,K79Q,0.4331,ambiguous,TTC21B,79.0
Q7Z4B0,K79R,0.1894,benign,TTC21B,79.0
Q7Z4B0,K79S,0.7833,pathogenic,TTC21B,79.0
Q7Z4B0,K79T,0.5354,ambiguous,TTC21B,79.0
Q7Z4B0,K79V,0.8165,pathogenic,TTC21B,79.0
Q7Z4B0,K79W,0.9747,pathogenic,TTC21B,79.0
Q7Z4B0,K79Y,0.9401,pathogenic,TTC21B,79.0
Q7Z4B0,A80C,0.8566,pathogenic,TTC21B,80.0
Q7Z4B0,A80D,0.4041,ambiguous,TTC21B,80.0
Q7Z4B0,A80E,0.3211,benign,TTC21B,80.0
Q7Z4B0,A80F,0.6601,pathogenic,TTC21B,80.0
Q7Z4B0,A80G,0.3282,benign,TTC21B,80.0
Q7Z4B0,A80H,0.7238,pathogenic,TTC21B,80.0
Q7Z4B0,A80I,0.5511,ambiguous,TTC21B,80.0
Q7Z4B0,A80K,0.6027,pathogenic,TTC21B,80.0
Q7Z4B0,A80L,0.4679,ambiguous,TTC21B,80.0
Q7Z4B0,A80M,0.5671,pathogenic,TTC21B,80.0
Q7Z4B0,A80N,0.4538,ambiguous,TTC21B,80.0
Q7Z4B0,A80P,0.4423,ambiguous,TTC21B,80.0
Q7Z4B0,A80Q,0.4644,ambiguous,TTC21B,80.0
Q7Z4B0,A80R,0.5156,ambiguous,TTC21B,80.0
Q7Z4B0,A80S,0.1551,benign,TTC21B,80.0
Q7Z4B0,A80T,0.189,benign,TTC21B,80.0
Q7Z4B0,A80V,0.2953,benign,TTC21B,80.0
Q7Z4B0,A80W,0.9239,pathogenic,TTC21B,80.0
Q7Z4B0,A80Y,0.7685,pathogenic,TTC21B,80.0
Q7Z4B0,C81A,0.7164,pathogenic,TTC21B,81.0
Q7Z4B0,C81D,0.9001,pathogenic,TTC21B,81.0
Q7Z4B0,C81E,0.927,pathogenic,TTC21B,81.0
Q7Z4B0,C81F,0.4989,ambiguous,TTC21B,81.0
Q7Z4B0,C81G,0.4471,ambiguous,TTC21B,81.0
Q7Z4B0,C81H,0.8247,pathogenic,TTC21B,81.0
Q7Z4B0,C81I,0.8484,pathogenic,TTC21B,81.0
Q7Z4B0,C81K,0.9204,pathogenic,TTC21B,81.0
Q7Z4B0,C81L,0.8284,pathogenic,TTC21B,81.0
Q7Z4B0,C81M,0.8932,pathogenic,TTC21B,81.0
Q7Z4B0,C81N,0.8434,pathogenic,TTC21B,81.0
Q7Z4B0,C81P,0.9417,pathogenic,TTC21B,81.0
Q7Z4B0,C81Q,0.8664,pathogenic,TTC21B,81.0
Q7Z4B0,C81R,0.6621,pathogenic,TTC21B,81.0
Q7Z4B0,C81S,0.5663,pathogenic,TTC21B,81.0
Q7Z4B0,C81T,0.803,pathogenic,TTC21B,81.0
Q7Z4B0,C81V,0.7659,pathogenic,TTC21B,81.0
Q7Z4B0,C81W,0.7831,pathogenic,TTC21B,81.0
Q7Z4B0,C81Y,0.6145,pathogenic,TTC21B,81.0
Q7Z4B0,R82A,0.816,pathogenic,TTC21B,82.0
Q7Z4B0,R82C,0.4396,ambiguous,TTC21B,82.0
Q7Z4B0,R82D,0.9559,pathogenic,TTC21B,82.0
Q7Z4B0,R82E,0.697,pathogenic,TTC21B,82.0
Q7Z4B0,R82F,0.9263,pathogenic,TTC21B,82.0
Q7Z4B0,R82G,0.5732,pathogenic,TTC21B,82.0
Q7Z4B0,R82H,0.3942,ambiguous,TTC21B,82.0
Q7Z4B0,R82I,0.6565,pathogenic,TTC21B,82.0
Q7Z4B0,R82K,0.2349,benign,TTC21B,82.0
Q7Z4B0,R82L,0.6931,pathogenic,TTC21B,82.0
Q7Z4B0,R82M,0.7142,pathogenic,TTC21B,82.0
Q7Z4B0,R82N,0.9384,pathogenic,TTC21B,82.0
Q7Z4B0,R82P,0.8663,pathogenic,TTC21B,82.0
Q7Z4B0,R82Q,0.2077,benign,TTC21B,82.0
Q7Z4B0,R82S,0.8472,pathogenic,TTC21B,82.0
Q7Z4B0,R82T,0.6669,pathogenic,TTC21B,82.0
Q7Z4B0,R82V,0.7759,pathogenic,TTC21B,82.0
Q7Z4B0,R82W,0.5227,ambiguous,TTC21B,82.0
Q7Z4B0,R82Y,0.8513,pathogenic,TTC21B,82.0
Q7Z4B0,K83A,0.8205,pathogenic,TTC21B,83.0
Q7Z4B0,K83C,0.9612,pathogenic,TTC21B,83.0
Q7Z4B0,K83D,0.87,pathogenic,TTC21B,83.0
Q7Z4B0,K83E,0.5007,ambiguous,TTC21B,83.0
Q7Z4B0,K83F,0.9825,pathogenic,TTC21B,83.0
Q7Z4B0,K83G,0.8016,pathogenic,TTC21B,83.0
Q7Z4B0,K83H,0.8063,pathogenic,TTC21B,83.0
Q7Z4B0,K83I,0.8901,pathogenic,TTC21B,83.0
Q7Z4B0,K83L,0.8976,pathogenic,TTC21B,83.0
Q7Z4B0,K83M,0.7458,pathogenic,TTC21B,83.0
Q7Z4B0,K83N,0.7252,pathogenic,TTC21B,83.0
Q7Z4B0,K83P,0.9484,pathogenic,TTC21B,83.0
Q7Z4B0,K83Q,0.4116,ambiguous,TTC21B,83.0
Q7Z4B0,K83R,0.2011,benign,TTC21B,83.0
Q7Z4B0,K83S,0.8025,pathogenic,TTC21B,83.0
Q7Z4B0,K83T,0.6684,pathogenic,TTC21B,83.0
Q7Z4B0,K83V,0.8814,pathogenic,TTC21B,83.0
Q7Z4B0,K83W,0.9748,pathogenic,TTC21B,83.0
Q7Z4B0,K83Y,0.948,pathogenic,TTC21B,83.0
Q7Z4B0,N84A,0.7714,pathogenic,TTC21B,84.0
Q7Z4B0,N84C,0.7945,pathogenic,TTC21B,84.0
Q7Z4B0,N84D,0.3779,ambiguous,TTC21B,84.0
Q7Z4B0,N84E,0.6139,pathogenic,TTC21B,84.0
Q7Z4B0,N84F,0.7868,pathogenic,TTC21B,84.0
Q7Z4B0,N84G,0.8238,pathogenic,TTC21B,84.0
Q7Z4B0,N84H,0.2429,benign,TTC21B,84.0
Q7Z4B0,N84I,0.4792,ambiguous,TTC21B,84.0
Q7Z4B0,N84K,0.3011,benign,TTC21B,84.0
Q7Z4B0,N84L,0.6399,pathogenic,TTC21B,84.0
Q7Z4B0,N84M,0.546,ambiguous,TTC21B,84.0
Q7Z4B0,N84P,0.8658,pathogenic,TTC21B,84.0
Q7Z4B0,N84Q,0.5454,ambiguous,TTC21B,84.0
Q7Z4B0,N84R,0.5263,ambiguous,TTC21B,84.0
Q7Z4B0,N84S,0.4029,ambiguous,TTC21B,84.0
Q7Z4B0,N84T,0.3948,ambiguous,TTC21B,84.0
Q7Z4B0,N84V,0.6626,pathogenic,TTC21B,84.0
Q7Z4B0,N84W,0.8621,pathogenic,TTC21B,84.0
Q7Z4B0,N84Y,0.325,benign,TTC21B,84.0
Q7Z4B0,L85A,0.6816,pathogenic,TTC21B,85.0
Q7Z4B0,L85C,0.8866,pathogenic,TTC21B,85.0
Q7Z4B0,L85D,0.9029,pathogenic,TTC21B,85.0
Q7Z4B0,L85E,0.7209,pathogenic,TTC21B,85.0
Q7Z4B0,L85F,0.378,ambiguous,TTC21B,85.0
Q7Z4B0,L85G,0.8756,pathogenic,TTC21B,85.0
Q7Z4B0,L85H,0.6191,pathogenic,TTC21B,85.0
Q7Z4B0,L85I,0.176,benign,TTC21B,85.0
Q7Z4B0,L85K,0.566,pathogenic,TTC21B,85.0
Q7Z4B0,L85M,0.316,benign,TTC21B,85.0
Q7Z4B0,L85N,0.7837,pathogenic,TTC21B,85.0
Q7Z4B0,L85P,0.668,pathogenic,TTC21B,85.0
Q7Z4B0,L85Q,0.4759,ambiguous,TTC21B,85.0
Q7Z4B0,L85R,0.4858,ambiguous,TTC21B,85.0
Q7Z4B0,L85S,0.7635,pathogenic,TTC21B,85.0
Q7Z4B0,L85T,0.6206,pathogenic,TTC21B,85.0
Q7Z4B0,L85V,0.2884,benign,TTC21B,85.0
Q7Z4B0,L85W,0.5985,pathogenic,TTC21B,85.0
Q7Z4B0,L85Y,0.7672,pathogenic,TTC21B,85.0
Q7Z4B0,S86A,0.22,benign,TTC21B,86.0
Q7Z4B0,S86C,0.266,benign,TTC21B,86.0
Q7Z4B0,S86D,0.7823,pathogenic,TTC21B,86.0
Q7Z4B0,S86E,0.7303,pathogenic,TTC21B,86.0
Q7Z4B0,S86F,0.6944,pathogenic,TTC21B,86.0
Q7Z4B0,S86G,0.2981,benign,TTC21B,86.0
Q7Z4B0,S86H,0.6156,pathogenic,TTC21B,86.0
Q7Z4B0,S86I,0.5915,pathogenic,TTC21B,86.0
Q7Z4B0,S86K,0.8054,pathogenic,TTC21B,86.0
Q7Z4B0,S86L,0.4563,ambiguous,TTC21B,86.0
Q7Z4B0,S86M,0.6594,pathogenic,TTC21B,86.0
Q7Z4B0,S86N,0.4699,ambiguous,TTC21B,86.0
Q7Z4B0,S86P,0.4796,ambiguous,TTC21B,86.0
Q7Z4B0,S86Q,0.6594,pathogenic,TTC21B,86.0
Q7Z4B0,S86R,0.6902,pathogenic,TTC21B,86.0
Q7Z4B0,S86T,0.2906,benign,TTC21B,86.0
Q7Z4B0,S86V,0.6129,pathogenic,TTC21B,86.0
Q7Z4B0,S86W,0.661,pathogenic,TTC21B,86.0
Q7Z4B0,S86Y,0.576,pathogenic,TTC21B,86.0
Q7Z4B0,K87A,0.6548,pathogenic,TTC21B,87.0
Q7Z4B0,K87C,0.9539,pathogenic,TTC21B,87.0
Q7Z4B0,K87D,0.8498,pathogenic,TTC21B,87.0
Q7Z4B0,K87E,0.398,ambiguous,TTC21B,87.0
Q7Z4B0,K87F,0.9708,pathogenic,TTC21B,87.0
Q7Z4B0,K87G,0.7723,pathogenic,TTC21B,87.0
Q7Z4B0,K87H,0.7779,pathogenic,TTC21B,87.0
Q7Z4B0,K87I,0.8293,pathogenic,TTC21B,87.0
Q7Z4B0,K87L,0.8363,pathogenic,TTC21B,87.0
Q7Z4B0,K87M,0.6594,pathogenic,TTC21B,87.0
Q7Z4B0,K87N,0.7261,pathogenic,TTC21B,87.0
Q7Z4B0,K87P,0.897,pathogenic,TTC21B,87.0
Q7Z4B0,K87Q,0.4007,ambiguous,TTC21B,87.0
Q7Z4B0,K87R,0.182,benign,TTC21B,87.0
Q7Z4B0,K87S,0.7134,pathogenic,TTC21B,87.0
Q7Z4B0,K87T,0.5047,ambiguous,TTC21B,87.0
Q7Z4B0,K87V,0.7951,pathogenic,TTC21B,87.0
Q7Z4B0,K87W,0.971,pathogenic,TTC21B,87.0
Q7Z4B0,K87Y,0.9462,pathogenic,TTC21B,87.0
Q7Z4B0,G88A,0.3041,benign,TTC21B,88.0
Q7Z4B0,G88C,0.4729,ambiguous,TTC21B,88.0
Q7Z4B0,G88D,0.3113,benign,TTC21B,88.0
Q7Z4B0,G88E,0.3796,ambiguous,TTC21B,88.0
Q7Z4B0,G88F,0.8761,pathogenic,TTC21B,88.0
Q7Z4B0,G88H,0.7162,pathogenic,TTC21B,88.0
Q7Z4B0,G88I,0.5081,ambiguous,TTC21B,88.0
Q7Z4B0,G88K,0.6492,pathogenic,TTC21B,88.0
Q7Z4B0,G88L,0.8153,pathogenic,TTC21B,88.0
Q7Z4B0,G88M,0.8152,pathogenic,TTC21B,88.0
Q7Z4B0,G88N,0.4735,ambiguous,TTC21B,88.0
Q7Z4B0,G88P,0.9181,pathogenic,TTC21B,88.0
Q7Z4B0,G88Q,0.6306,pathogenic,TTC21B,88.0
Q7Z4B0,G88R,0.5426,ambiguous,TTC21B,88.0
Q7Z4B0,G88S,0.2006,benign,TTC21B,88.0
Q7Z4B0,G88T,0.4077,ambiguous,TTC21B,88.0
Q7Z4B0,G88V,0.415,ambiguous,TTC21B,88.0
Q7Z4B0,G88W,0.6893,pathogenic,TTC21B,88.0
Q7Z4B0,G88Y,0.6926,pathogenic,TTC21B,88.0
Q7Z4B0,Y89A,0.8794,pathogenic,TTC21B,89.0
Q7Z4B0,Y89C,0.3153,benign,TTC21B,89.0
Q7Z4B0,Y89D,0.6077,pathogenic,TTC21B,89.0
Q7Z4B0,Y89E,0.885,pathogenic,TTC21B,89.0
Q7Z4B0,Y89F,0.2432,benign,TTC21B,89.0
Q7Z4B0,Y89G,0.7371,pathogenic,TTC21B,89.0
Q7Z4B0,Y89H,0.5548,ambiguous,TTC21B,89.0
Q7Z4B0,Y89I,0.7986,pathogenic,TTC21B,89.0
Q7Z4B0,Y89K,0.7897,pathogenic,TTC21B,89.0
Q7Z4B0,Y89L,0.7545,pathogenic,TTC21B,89.0
Q7Z4B0,Y89M,0.8715,pathogenic,TTC21B,89.0
Q7Z4B0,Y89N,0.4601,ambiguous,TTC21B,89.0
Q7Z4B0,Y89P,0.9037,pathogenic,TTC21B,89.0
Q7Z4B0,Y89Q,0.8475,pathogenic,TTC21B,89.0
Q7Z4B0,Y89R,0.6316,pathogenic,TTC21B,89.0
Q7Z4B0,Y89S,0.596,pathogenic,TTC21B,89.0
Q7Z4B0,Y89T,0.8336,pathogenic,TTC21B,89.0
Q7Z4B0,Y89V,0.7445,pathogenic,TTC21B,89.0
Q7Z4B0,Y89W,0.6499,pathogenic,TTC21B,89.0
Q7Z4B0,N90A,0.6817,pathogenic,TTC21B,90.0
Q7Z4B0,N90C,0.6086,pathogenic,TTC21B,90.0
Q7Z4B0,N90D,0.2952,benign,TTC21B,90.0
Q7Z4B0,N90E,0.6356,pathogenic,TTC21B,90.0
Q7Z4B0,N90F,0.8318,pathogenic,TTC21B,90.0
Q7Z4B0,N90G,0.6912,pathogenic,TTC21B,90.0
Q7Z4B0,N90H,0.2016,benign,TTC21B,90.0
Q7Z4B0,N90I,0.4673,ambiguous,TTC21B,90.0
Q7Z4B0,N90K,0.4686,ambiguous,TTC21B,90.0
Q7Z4B0,N90L,0.5212,ambiguous,TTC21B,90.0
Q7Z4B0,N90M,0.7353,pathogenic,TTC21B,90.0
Q7Z4B0,N90P,0.7795,pathogenic,TTC21B,90.0
Q7Z4B0,N90Q,0.5876,pathogenic,TTC21B,90.0
Q7Z4B0,N90R,0.564,ambiguous,TTC21B,90.0
Q7Z4B0,N90S,0.1463,benign,TTC21B,90.0
Q7Z4B0,N90T,0.3429,ambiguous,TTC21B,90.0
Q7Z4B0,N90V,0.6212,pathogenic,TTC21B,90.0
Q7Z4B0,N90W,0.918,pathogenic,TTC21B,90.0
Q7Z4B0,N90Y,0.3608,ambiguous,TTC21B,90.0
Q7Z4B0,Q91A,0.5622,ambiguous,TTC21B,91.0
Q7Z4B0,Q91C,0.9063,pathogenic,TTC21B,91.0
Q7Z4B0,Q91D,0.7618,pathogenic,TTC21B,91.0
Q7Z4B0,Q91E,0.1551,benign,TTC21B,91.0
Q7Z4B0,Q91F,0.9046,pathogenic,TTC21B,91.0
Q7Z4B0,Q91G,0.6632,pathogenic,TTC21B,91.0
Q7Z4B0,Q91H,0.5752,pathogenic,TTC21B,91.0
Q7Z4B0,Q91I,0.6743,pathogenic,TTC21B,91.0
Q7Z4B0,Q91K,0.1582,benign,TTC21B,91.0
Q7Z4B0,Q91L,0.4359,ambiguous,TTC21B,91.0
Q7Z4B0,Q91M,0.6561,pathogenic,TTC21B,91.0
Q7Z4B0,Q91N,0.6015,pathogenic,TTC21B,91.0
Q7Z4B0,Q91P,0.4842,ambiguous,TTC21B,91.0
Q7Z4B0,Q91R,0.2363,benign,TTC21B,91.0
Q7Z4B0,Q91S,0.533,ambiguous,TTC21B,91.0
Q7Z4B0,Q91T,0.4791,ambiguous,TTC21B,91.0
Q7Z4B0,Q91V,0.5566,ambiguous,TTC21B,91.0
Q7Z4B0,Q91W,0.8534,pathogenic,TTC21B,91.0
Q7Z4B0,Q91Y,0.8513,pathogenic,TTC21B,91.0
Q7Z4B0,R92A,0.7674,pathogenic,TTC21B,92.0
Q7Z4B0,R92C,0.4135,ambiguous,TTC21B,92.0
Q7Z4B0,R92D,0.9066,pathogenic,TTC21B,92.0
Q7Z4B0,R92E,0.641,pathogenic,TTC21B,92.0
Q7Z4B0,R92F,0.857,pathogenic,TTC21B,92.0
Q7Z4B0,R92G,0.6114,pathogenic,TTC21B,92.0
Q7Z4B0,R92H,0.3012,benign,TTC21B,92.0
Q7Z4B0,R92I,0.424,ambiguous,TTC21B,92.0
Q7Z4B0,R92K,0.1944,benign,TTC21B,92.0
Q7Z4B0,R92L,0.5427,ambiguous,TTC21B,92.0
Q7Z4B0,R92M,0.5761,pathogenic,TTC21B,92.0
Q7Z4B0,R92N,0.871,pathogenic,TTC21B,92.0
Q7Z4B0,R92P,0.7824,pathogenic,TTC21B,92.0
Q7Z4B0,R92Q,0.2313,benign,TTC21B,92.0
Q7Z4B0,R92S,0.8158,pathogenic,TTC21B,92.0
Q7Z4B0,R92T,0.6121,pathogenic,TTC21B,92.0
Q7Z4B0,R92V,0.6294,pathogenic,TTC21B,92.0
Q7Z4B0,R92W,0.5096,ambiguous,TTC21B,92.0
Q7Z4B0,R92Y,0.7255,pathogenic,TTC21B,92.0
Q7Z4B0,P93A,0.2004,benign,TTC21B,93.0
Q7Z4B0,P93C,0.8426,pathogenic,TTC21B,93.0
Q7Z4B0,P93D,0.7169,pathogenic,TTC21B,93.0
Q7Z4B0,P93E,0.4941,ambiguous,TTC21B,93.0
Q7Z4B0,P93F,0.851,pathogenic,TTC21B,93.0
Q7Z4B0,P93G,0.6108,pathogenic,TTC21B,93.0
Q7Z4B0,P93H,0.5079,ambiguous,TTC21B,93.0
Q7Z4B0,P93I,0.6465,pathogenic,TTC21B,93.0
Q7Z4B0,P93K,0.4777,ambiguous,TTC21B,93.0
Q7Z4B0,P93L,0.2558,benign,TTC21B,93.0
Q7Z4B0,P93M,0.6017,pathogenic,TTC21B,93.0
Q7Z4B0,P93N,0.721,pathogenic,TTC21B,93.0
Q7Z4B0,P93Q,0.3445,ambiguous,TTC21B,93.0
Q7Z4B0,P93R,0.3381,benign,TTC21B,93.0
Q7Z4B0,P93S,0.3636,ambiguous,TTC21B,93.0
Q7Z4B0,P93T,0.2615,benign,TTC21B,93.0
Q7Z4B0,P93V,0.5076,ambiguous,TTC21B,93.0
Q7Z4B0,P93W,0.9059,pathogenic,TTC21B,93.0
Q7Z4B0,P93Y,0.8105,pathogenic,TTC21B,93.0
Q7Z4B0,E94A,0.2996,benign,TTC21B,94.0
Q7Z4B0,E94C,0.9631,pathogenic,TTC21B,94.0
Q7Z4B0,E94D,0.3431,ambiguous,TTC21B,94.0
Q7Z4B0,E94F,0.9402,pathogenic,TTC21B,94.0
Q7Z4B0,E94G,0.3448,ambiguous,TTC21B,94.0
Q7Z4B0,E94H,0.8123,pathogenic,TTC21B,94.0
Q7Z4B0,E94I,0.7403,pathogenic,TTC21B,94.0
Q7Z4B0,E94K,0.2295,benign,TTC21B,94.0
Q7Z4B0,E94L,0.7858,pathogenic,TTC21B,94.0
Q7Z4B0,E94M,0.8066,pathogenic,TTC21B,94.0
Q7Z4B0,E94N,0.6189,pathogenic,TTC21B,94.0
Q7Z4B0,E94P,0.8014,pathogenic,TTC21B,94.0
Q7Z4B0,E94Q,0.2944,benign,TTC21B,94.0
Q7Z4B0,E94R,0.4227,ambiguous,TTC21B,94.0
Q7Z4B0,E94S,0.4267,ambiguous,TTC21B,94.0
Q7Z4B0,E94T,0.5439,ambiguous,TTC21B,94.0
Q7Z4B0,E94V,0.5336,ambiguous,TTC21B,94.0
Q7Z4B0,E94W,0.9752,pathogenic,TTC21B,94.0
Q7Z4B0,E94Y,0.9033,pathogenic,TTC21B,94.0
Q7Z4B0,G95A,0.2835,benign,TTC21B,95.0
Q7Z4B0,G95C,0.4076,ambiguous,TTC21B,95.0
Q7Z4B0,G95D,0.2276,benign,TTC21B,95.0
Q7Z4B0,G95E,0.2884,benign,TTC21B,95.0
Q7Z4B0,G95F,0.8324,pathogenic,TTC21B,95.0
Q7Z4B0,G95H,0.67,pathogenic,TTC21B,95.0
Q7Z4B0,G95I,0.466,ambiguous,TTC21B,95.0
Q7Z4B0,G95K,0.5678,pathogenic,TTC21B,95.0
Q7Z4B0,G95L,0.7887,pathogenic,TTC21B,95.0
Q7Z4B0,G95M,0.7663,pathogenic,TTC21B,95.0
Q7Z4B0,G95N,0.4115,ambiguous,TTC21B,95.0
Q7Z4B0,G95P,0.9272,pathogenic,TTC21B,95.0
Q7Z4B0,G95Q,0.5938,pathogenic,TTC21B,95.0
Q7Z4B0,G95R,0.5005,ambiguous,TTC21B,95.0
Q7Z4B0,G95S,0.1771,benign,TTC21B,95.0
Q7Z4B0,G95T,0.3703,ambiguous,TTC21B,95.0
Q7Z4B0,G95V,0.3591,ambiguous,TTC21B,95.0
Q7Z4B0,G95W,0.6647,pathogenic,TTC21B,95.0
Q7Z4B0,G95Y,0.6749,pathogenic,TTC21B,95.0
Q7Z4B0,S96A,0.2121,benign,TTC21B,96.0
Q7Z4B0,S96C,0.2325,benign,TTC21B,96.0
Q7Z4B0,S96D,0.6078,pathogenic,TTC21B,96.0
Q7Z4B0,S96E,0.6163,pathogenic,TTC21B,96.0
Q7Z4B0,S96F,0.6228,pathogenic,TTC21B,96.0
Q7Z4B0,S96G,0.2079,benign,TTC21B,96.0
Q7Z4B0,S96H,0.6371,pathogenic,TTC21B,96.0
Q7Z4B0,S96I,0.4582,ambiguous,TTC21B,96.0
Q7Z4B0,S96K,0.7682,pathogenic,TTC21B,96.0
Q7Z4B0,S96L,0.3934,ambiguous,TTC21B,96.0
Q7Z4B0,S96M,0.5158,ambiguous,TTC21B,96.0
Q7Z4B0,S96N,0.2993,benign,TTC21B,96.0
Q7Z4B0,S96P,0.55,ambiguous,TTC21B,96.0
Q7Z4B0,S96Q,0.6866,pathogenic,TTC21B,96.0
Q7Z4B0,S96R,0.715,pathogenic,TTC21B,96.0
Q7Z4B0,S96T,0.2062,benign,TTC21B,96.0
Q7Z4B0,S96V,0.5145,ambiguous,TTC21B,96.0
Q7Z4B0,S96W,0.6674,pathogenic,TTC21B,96.0
Q7Z4B0,S96Y,0.5207,ambiguous,TTC21B,96.0
Q7Z4B0,K97A,0.6452,pathogenic,TTC21B,97.0
Q7Z4B0,K97C,0.9583,pathogenic,TTC21B,97.0
Q7Z4B0,K97D,0.8248,pathogenic,TTC21B,97.0
Q7Z4B0,K97E,0.2881,benign,TTC21B,97.0
Q7Z4B0,K97F,0.9702,pathogenic,TTC21B,97.0
Q7Z4B0,K97G,0.7473,pathogenic,TTC21B,97.0
Q7Z4B0,K97H,0.7969,pathogenic,TTC21B,97.0
Q7Z4B0,K97I,0.7798,pathogenic,TTC21B,97.0
Q7Z4B0,K97L,0.7827,pathogenic,TTC21B,97.0
Q7Z4B0,K97M,0.5584,ambiguous,TTC21B,97.0
Q7Z4B0,K97N,0.7159,pathogenic,TTC21B,97.0
Q7Z4B0,K97P,0.8794,pathogenic,TTC21B,97.0
Q7Z4B0,K97Q,0.3315,benign,TTC21B,97.0
Q7Z4B0,K97R,0.178,benign,TTC21B,97.0
Q7Z4B0,K97S,0.7,pathogenic,TTC21B,97.0
Q7Z4B0,K97T,0.4268,ambiguous,TTC21B,97.0
Q7Z4B0,K97V,0.7344,pathogenic,TTC21B,97.0
Q7Z4B0,K97W,0.9677,pathogenic,TTC21B,97.0
Q7Z4B0,K97Y,0.9475,pathogenic,TTC21B,97.0
Q7Z4B0,E98A,0.4294,ambiguous,TTC21B,98.0
Q7Z4B0,E98C,0.9835,pathogenic,TTC21B,98.0
Q7Z4B0,E98D,0.4315,ambiguous,TTC21B,98.0
Q7Z4B0,E98F,0.9749,pathogenic,TTC21B,98.0
Q7Z4B0,E98G,0.3592,ambiguous,TTC21B,98.0
Q7Z4B0,E98H,0.9308,pathogenic,TTC21B,98.0
Q7Z4B0,E98I,0.8402,pathogenic,TTC21B,98.0
Q7Z4B0,E98K,0.3987,ambiguous,TTC21B,98.0
Q7Z4B0,E98L,0.8844,pathogenic,TTC21B,98.0
Q7Z4B0,E98M,0.8751,pathogenic,TTC21B,98.0
Q7Z4B0,E98N,0.7463,pathogenic,TTC21B,98.0
Q7Z4B0,E98P,0.909,pathogenic,TTC21B,98.0
Q7Z4B0,E98Q,0.4424,ambiguous,TTC21B,98.0
Q7Z4B0,E98R,0.6432,pathogenic,TTC21B,98.0
Q7Z4B0,E98S,0.6454,pathogenic,TTC21B,98.0
Q7Z4B0,E98T,0.668,pathogenic,TTC21B,98.0
Q7Z4B0,E98V,0.6334,pathogenic,TTC21B,98.0
Q7Z4B0,E98W,0.9876,pathogenic,TTC21B,98.0
Q7Z4B0,E98Y,0.9469,pathogenic,TTC21B,98.0
Q7Z4B0,E99A,0.3888,ambiguous,TTC21B,99.0
Q7Z4B0,E99C,0.9739,pathogenic,TTC21B,99.0
Q7Z4B0,E99D,0.3639,ambiguous,TTC21B,99.0
Q7Z4B0,E99F,0.9473,pathogenic,TTC21B,99.0
Q7Z4B0,E99G,0.4053,ambiguous,TTC21B,99.0
Q7Z4B0,E99H,0.9037,pathogenic,TTC21B,99.0
Q7Z4B0,E99I,0.7514,pathogenic,TTC21B,99.0
Q7Z4B0,E99K,0.4453,ambiguous,TTC21B,99.0
Q7Z4B0,E99L,0.8706,pathogenic,TTC21B,99.0
Q7Z4B0,E99M,0.8428,pathogenic,TTC21B,99.0
Q7Z4B0,E99N,0.6619,pathogenic,TTC21B,99.0
Q7Z4B0,E99P,0.9085,pathogenic,TTC21B,99.0
Q7Z4B0,E99Q,0.4578,ambiguous,TTC21B,99.0
Q7Z4B0,E99R,0.6937,pathogenic,TTC21B,99.0
Q7Z4B0,E99S,0.6022,pathogenic,TTC21B,99.0
Q7Z4B0,E99T,0.6331,pathogenic,TTC21B,99.0
Q7Z4B0,E99V,0.5687,pathogenic,TTC21B,99.0
Q7Z4B0,E99W,0.9858,pathogenic,TTC21B,99.0
Q7Z4B0,E99Y,0.9118,pathogenic,TTC21B,99.0
Q7Z4B0,S100A,0.2423,benign,TTC21B,100.0
Q7Z4B0,S100C,0.3369,benign,TTC21B,100.0
Q7Z4B0,S100D,0.6705,pathogenic,TTC21B,100.0
Q7Z4B0,S100E,0.7123,pathogenic,TTC21B,100.0
Q7Z4B0,S100F,0.7164,pathogenic,TTC21B,100.0
Q7Z4B0,S100G,0.2854,benign,TTC21B,100.0
Q7Z4B0,S100H,0.702,pathogenic,TTC21B,100.0
Q7Z4B0,S100I,0.5069,ambiguous,TTC21B,100.0
Q7Z4B0,S100K,0.8494,pathogenic,TTC21B,100.0
Q7Z4B0,S100L,0.5465,ambiguous,TTC21B,100.0
Q7Z4B0,S100M,0.6023,pathogenic,TTC21B,100.0
Q7Z4B0,S100N,0.3193,benign,TTC21B,100.0
Q7Z4B0,S100P,0.6575,pathogenic,TTC21B,100.0
Q7Z4B0,S100Q,0.7878,pathogenic,TTC21B,100.0
Q7Z4B0,S100R,0.8277,pathogenic,TTC21B,100.0
Q7Z4B0,S100T,0.219,benign,TTC21B,100.0
Q7Z4B0,S100V,0.6163,pathogenic,TTC21B,100.0
Q7Z4B0,S100W,0.7264,pathogenic,TTC21B,100.0
Q7Z4B0,S100Y,0.5595,ambiguous,TTC21B,100.0
Q7Z4B0,H101A,0.7387,pathogenic,TTC21B,101.0
Q7Z4B0,H101C,0.3799,ambiguous,TTC21B,101.0
Q7Z4B0,H101D,0.4433,ambiguous,TTC21B,101.0
Q7Z4B0,H101E,0.644,pathogenic,TTC21B,101.0
Q7Z4B0,H101F,0.6963,pathogenic,TTC21B,101.0
Q7Z4B0,H101G,0.7182,pathogenic,TTC21B,101.0
Q7Z4B0,H101I,0.8306,pathogenic,TTC21B,101.0
Q7Z4B0,H101K,0.4641,ambiguous,TTC21B,101.0
Q7Z4B0,H101L,0.4878,ambiguous,TTC21B,101.0
Q7Z4B0,H101M,0.8779,pathogenic,TTC21B,101.0
Q7Z4B0,H101N,0.2557,benign,TTC21B,101.0
Q7Z4B0,H101P,0.4334,ambiguous,TTC21B,101.0
Q7Z4B0,H101Q,0.4749,ambiguous,TTC21B,101.0
Q7Z4B0,H101R,0.2392,benign,TTC21B,101.0
Q7Z4B0,H101S,0.5215,ambiguous,TTC21B,101.0
Q7Z4B0,H101T,0.7537,pathogenic,TTC21B,101.0
Q7Z4B0,H101V,0.7725,pathogenic,TTC21B,101.0
Q7Z4B0,H101W,0.6344,pathogenic,TTC21B,101.0
Q7Z4B0,H101Y,0.246,benign,TTC21B,101.0
Q7Z4B0,M102A,0.7275,pathogenic,TTC21B,102.0
Q7Z4B0,M102C,0.879,pathogenic,TTC21B,102.0
Q7Z4B0,M102D,0.9388,pathogenic,TTC21B,102.0
Q7Z4B0,M102E,0.6459,pathogenic,TTC21B,102.0
Q7Z4B0,M102F,0.5336,ambiguous,TTC21B,102.0
Q7Z4B0,M102G,0.9266,pathogenic,TTC21B,102.0
Q7Z4B0,M102H,0.7846,pathogenic,TTC21B,102.0
Q7Z4B0,M102I,0.5783,pathogenic,TTC21B,102.0
Q7Z4B0,M102K,0.3789,ambiguous,TTC21B,102.0
Q7Z4B0,M102L,0.3309,benign,TTC21B,102.0
Q7Z4B0,M102N,0.8503,pathogenic,TTC21B,102.0
Q7Z4B0,M102P,0.9456,pathogenic,TTC21B,102.0
Q7Z4B0,M102Q,0.4408,ambiguous,TTC21B,102.0
Q7Z4B0,M102R,0.4361,ambiguous,TTC21B,102.0
Q7Z4B0,M102S,0.8188,pathogenic,TTC21B,102.0
Q7Z4B0,M102T,0.4391,ambiguous,TTC21B,102.0
Q7Z4B0,M102V,0.1636,benign,TTC21B,102.0
Q7Z4B0,M102W,0.7967,pathogenic,TTC21B,102.0
Q7Z4B0,M102Y,0.83,pathogenic,TTC21B,102.0
Q7Z4B0,V103A,0.6249,pathogenic,TTC21B,103.0
Q7Z4B0,V103C,0.9751,pathogenic,TTC21B,103.0
Q7Z4B0,V103D,0.8326,pathogenic,TTC21B,103.0
Q7Z4B0,V103E,0.6797,pathogenic,TTC21B,103.0
Q7Z4B0,V103F,0.6136,pathogenic,TTC21B,103.0
Q7Z4B0,V103G,0.7358,pathogenic,TTC21B,103.0
Q7Z4B0,V103H,0.9374,pathogenic,TTC21B,103.0
Q7Z4B0,V103I,0.2065,benign,TTC21B,103.0
Q7Z4B0,V103K,0.733,pathogenic,TTC21B,103.0
Q7Z4B0,V103L,0.7129,pathogenic,TTC21B,103.0
Q7Z4B0,V103M,0.5789,pathogenic,TTC21B,103.0
Q7Z4B0,V103N,0.8329,pathogenic,TTC21B,103.0
Q7Z4B0,V103P,0.8781,pathogenic,TTC21B,103.0
Q7Z4B0,V103Q,0.7522,pathogenic,TTC21B,103.0
Q7Z4B0,V103R,0.6821,pathogenic,TTC21B,103.0
Q7Z4B0,V103S,0.7669,pathogenic,TTC21B,103.0
Q7Z4B0,V103T,0.5827,pathogenic,TTC21B,103.0
Q7Z4B0,V103W,0.9834,pathogenic,TTC21B,103.0
Q7Z4B0,V103Y,0.9276,pathogenic,TTC21B,103.0
Q7Z4B0,V104A,0.7145,pathogenic,TTC21B,104.0
Q7Z4B0,V104C,0.9622,pathogenic,TTC21B,104.0
Q7Z4B0,V104D,0.8856,pathogenic,TTC21B,104.0
Q7Z4B0,V104E,0.7005,pathogenic,TTC21B,104.0
Q7Z4B0,V104F,0.5256,ambiguous,TTC21B,104.0
Q7Z4B0,V104G,0.7,pathogenic,TTC21B,104.0
Q7Z4B0,V104H,0.955,pathogenic,TTC21B,104.0
Q7Z4B0,V104I,0.1577,benign,TTC21B,104.0
Q7Z4B0,V104K,0.7346,pathogenic,TTC21B,104.0
Q7Z4B0,V104L,0.6008,pathogenic,TTC21B,104.0
Q7Z4B0,V104M,0.5133,ambiguous,TTC21B,104.0
Q7Z4B0,V104N,0.8738,pathogenic,TTC21B,104.0
Q7Z4B0,V104P,0.8921,pathogenic,TTC21B,104.0
Q7Z4B0,V104Q,0.7335,pathogenic,TTC21B,104.0
Q7Z4B0,V104R,0.6761,pathogenic,TTC21B,104.0
Q7Z4B0,V104S,0.7782,pathogenic,TTC21B,104.0
Q7Z4B0,V104T,0.7053,pathogenic,TTC21B,104.0
Q7Z4B0,V104W,0.9778,pathogenic,TTC21B,104.0
Q7Z4B0,V104Y,0.9249,pathogenic,TTC21B,104.0
Q7Z4B0,K105A,0.7965,pathogenic,TTC21B,105.0
Q7Z4B0,K105C,0.969,pathogenic,TTC21B,105.0
Q7Z4B0,K105D,0.9139,pathogenic,TTC21B,105.0
Q7Z4B0,K105E,0.4402,ambiguous,TTC21B,105.0
Q7Z4B0,K105F,0.9824,pathogenic,TTC21B,105.0
Q7Z4B0,K105G,0.8741,pathogenic,TTC21B,105.0
Q7Z4B0,K105H,0.8384,pathogenic,TTC21B,105.0
Q7Z4B0,K105I,0.842,pathogenic,TTC21B,105.0
Q7Z4B0,K105L,0.8612,pathogenic,TTC21B,105.0
Q7Z4B0,K105M,0.6255,pathogenic,TTC21B,105.0
Q7Z4B0,K105N,0.8159,pathogenic,TTC21B,105.0
Q7Z4B0,K105P,0.953,pathogenic,TTC21B,105.0
Q7Z4B0,K105Q,0.4035,ambiguous,TTC21B,105.0
Q7Z4B0,K105R,0.2155,benign,TTC21B,105.0
Q7Z4B0,K105S,0.8211,pathogenic,TTC21B,105.0
Q7Z4B0,K105T,0.4827,ambiguous,TTC21B,105.0
Q7Z4B0,K105V,0.8184,pathogenic,TTC21B,105.0
Q7Z4B0,K105W,0.9769,pathogenic,TTC21B,105.0
Q7Z4B0,K105Y,0.9661,pathogenic,TTC21B,105.0
Q7Z4B0,E106A,0.6306,pathogenic,TTC21B,106.0
Q7Z4B0,E106C,0.9873,pathogenic,TTC21B,106.0
Q7Z4B0,E106D,0.5304,ambiguous,TTC21B,106.0
Q7Z4B0,E106F,0.9838,pathogenic,TTC21B,106.0
Q7Z4B0,E106G,0.428,ambiguous,TTC21B,106.0
Q7Z4B0,E106H,0.9451,pathogenic,TTC21B,106.0
Q7Z4B0,E106I,0.917,pathogenic,TTC21B,106.0
Q7Z4B0,E106K,0.5679,pathogenic,TTC21B,106.0
Q7Z4B0,E106L,0.939,pathogenic,TTC21B,106.0
Q7Z4B0,E106M,0.9357,pathogenic,TTC21B,106.0
Q7Z4B0,E106N,0.8177,pathogenic,TTC21B,106.0
Q7Z4B0,E106P,0.9527,pathogenic,TTC21B,106.0
Q7Z4B0,E106Q,0.4785,ambiguous,TTC21B,106.0
Q7Z4B0,E106R,0.763,pathogenic,TTC21B,106.0
Q7Z4B0,E106S,0.7564,pathogenic,TTC21B,106.0
Q7Z4B0,E106T,0.8295,pathogenic,TTC21B,106.0
Q7Z4B0,E106V,0.7894,pathogenic,TTC21B,106.0
Q7Z4B0,E106W,0.9904,pathogenic,TTC21B,106.0
Q7Z4B0,E106Y,0.9623,pathogenic,TTC21B,106.0
Q7Z4B0,K107A,0.7956,pathogenic,TTC21B,107.0
Q7Z4B0,K107C,0.9509,pathogenic,TTC21B,107.0
Q7Z4B0,K107D,0.8673,pathogenic,TTC21B,107.0
Q7Z4B0,K107E,0.4685,ambiguous,TTC21B,107.0
Q7Z4B0,K107F,0.9681,pathogenic,TTC21B,107.0
Q7Z4B0,K107G,0.8243,pathogenic,TTC21B,107.0
Q7Z4B0,K107H,0.7723,pathogenic,TTC21B,107.0
Q7Z4B0,K107I,0.7712,pathogenic,TTC21B,107.0
Q7Z4B0,K107L,0.8519,pathogenic,TTC21B,107.0
Q7Z4B0,K107M,0.5837,pathogenic,TTC21B,107.0
Q7Z4B0,K107N,0.6789,pathogenic,TTC21B,107.0
Q7Z4B0,K107P,0.9425,pathogenic,TTC21B,107.0
Q7Z4B0,K107Q,0.3821,ambiguous,TTC21B,107.0
Q7Z4B0,K107R,0.2062,benign,TTC21B,107.0
Q7Z4B0,K107S,0.8118,pathogenic,TTC21B,107.0
Q7Z4B0,K107T,0.5209,ambiguous,TTC21B,107.0
Q7Z4B0,K107V,0.7763,pathogenic,TTC21B,107.0
Q7Z4B0,K107W,0.9693,pathogenic,TTC21B,107.0
Q7Z4B0,K107Y,0.9224,pathogenic,TTC21B,107.0
Q7Z4B0,R108A,0.6828,pathogenic,TTC21B,108.0
Q7Z4B0,R108C,0.4476,ambiguous,TTC21B,108.0
Q7Z4B0,R108D,0.8843,pathogenic,TTC21B,108.0
Q7Z4B0,R108E,0.5122,ambiguous,TTC21B,108.0
Q7Z4B0,R108F,0.883,pathogenic,TTC21B,108.0
Q7Z4B0,R108G,0.4504,ambiguous,TTC21B,108.0
Q7Z4B0,R108H,0.3399,benign,TTC21B,108.0
Q7Z4B0,R108I,0.4479,ambiguous,TTC21B,108.0
Q7Z4B0,R108K,0.1779,benign,TTC21B,108.0
Q7Z4B0,R108L,0.5854,pathogenic,TTC21B,108.0
Q7Z4B0,R108M,0.5077,ambiguous,TTC21B,108.0
Q7Z4B0,R108N,0.8398,pathogenic,TTC21B,108.0
Q7Z4B0,R108P,0.7988,pathogenic,TTC21B,108.0
Q7Z4B0,R108Q,0.1732,benign,TTC21B,108.0
Q7Z4B0,R108S,0.7652,pathogenic,TTC21B,108.0
Q7Z4B0,R108T,0.4648,ambiguous,TTC21B,108.0
Q7Z4B0,R108V,0.6044,pathogenic,TTC21B,108.0
Q7Z4B0,R108W,0.4667,ambiguous,TTC21B,108.0
Q7Z4B0,R108Y,0.7997,pathogenic,TTC21B,108.0
Q7Z4B0,K109A,0.6294,pathogenic,TTC21B,109.0
Q7Z4B0,K109C,0.9293,pathogenic,TTC21B,109.0
Q7Z4B0,K109D,0.7689,pathogenic,TTC21B,109.0
Q7Z4B0,K109E,0.3329,benign,TTC21B,109.0
Q7Z4B0,K109F,0.9445,pathogenic,TTC21B,109.0
Q7Z4B0,K109G,0.7246,pathogenic,TTC21B,109.0
Q7Z4B0,K109H,0.6766,pathogenic,TTC21B,109.0
Q7Z4B0,K109I,0.6816,pathogenic,TTC21B,109.0
Q7Z4B0,K109L,0.7667,pathogenic,TTC21B,109.0
Q7Z4B0,K109M,0.5353,ambiguous,TTC21B,109.0
Q7Z4B0,K109N,0.5828,pathogenic,TTC21B,109.0
Q7Z4B0,K109P,0.8467,pathogenic,TTC21B,109.0
Q7Z4B0,K109Q,0.3192,benign,TTC21B,109.0
Q7Z4B0,K109R,0.1732,benign,TTC21B,109.0
Q7Z4B0,K109S,0.677,pathogenic,TTC21B,109.0
Q7Z4B0,K109T,0.3896,ambiguous,TTC21B,109.0
Q7Z4B0,K109V,0.6969,pathogenic,TTC21B,109.0
Q7Z4B0,K109W,0.9499,pathogenic,TTC21B,109.0
Q7Z4B0,K109Y,0.8958,pathogenic,TTC21B,109.0
Q7Z4B0,G110A,0.2448,benign,TTC21B,110.0
Q7Z4B0,G110C,0.5029,ambiguous,TTC21B,110.0
Q7Z4B0,G110D,0.1851,benign,TTC21B,110.0
Q7Z4B0,G110E,0.2273,benign,TTC21B,110.0
Q7Z4B0,G110F,0.885,pathogenic,TTC21B,110.0
Q7Z4B0,G110H,0.6602,pathogenic,TTC21B,110.0
Q7Z4B0,G110I,0.5614,ambiguous,TTC21B,110.0
Q7Z4B0,G110K,0.4703,ambiguous,TTC21B,110.0
Q7Z4B0,G110L,0.7653,pathogenic,TTC21B,110.0
Q7Z4B0,G110M,0.7548,pathogenic,TTC21B,110.0
Q7Z4B0,G110N,0.3748,ambiguous,TTC21B,110.0
Q7Z4B0,G110P,0.8768,pathogenic,TTC21B,110.0
Q7Z4B0,G110Q,0.5129,ambiguous,TTC21B,110.0
Q7Z4B0,G110R,0.4059,ambiguous,TTC21B,110.0
Q7Z4B0,G110S,0.1669,benign,TTC21B,110.0
Q7Z4B0,G110T,0.3237,benign,TTC21B,110.0
Q7Z4B0,G110V,0.3924,ambiguous,TTC21B,110.0
Q7Z4B0,G110W,0.6421,pathogenic,TTC21B,110.0
Q7Z4B0,G110Y,0.7227,pathogenic,TTC21B,110.0
Q7Z4B0,D111A,0.6087,pathogenic,TTC21B,111.0
Q7Z4B0,D111C,0.8834,pathogenic,TTC21B,111.0
Q7Z4B0,D111E,0.2348,benign,TTC21B,111.0
Q7Z4B0,D111F,0.8768,pathogenic,TTC21B,111.0
Q7Z4B0,D111G,0.4741,ambiguous,TTC21B,111.0
Q7Z4B0,D111H,0.5662,pathogenic,TTC21B,111.0
Q7Z4B0,D111I,0.7464,pathogenic,TTC21B,111.0
Q7Z4B0,D111K,0.5034,ambiguous,TTC21B,111.0
Q7Z4B0,D111L,0.7919,pathogenic,TTC21B,111.0
Q7Z4B0,D111M,0.9136,pathogenic,TTC21B,111.0
Q7Z4B0,D111N,0.2311,benign,TTC21B,111.0
Q7Z4B0,D111P,0.8774,pathogenic,TTC21B,111.0
Q7Z4B0,D111Q,0.5352,ambiguous,TTC21B,111.0
Q7Z4B0,D111R,0.5921,pathogenic,TTC21B,111.0
Q7Z4B0,D111S,0.4031,ambiguous,TTC21B,111.0
Q7Z4B0,D111T,0.6495,pathogenic,TTC21B,111.0
Q7Z4B0,D111V,0.6595,pathogenic,TTC21B,111.0
Q7Z4B0,D111W,0.9624,pathogenic,TTC21B,111.0
Q7Z4B0,D111Y,0.5592,ambiguous,TTC21B,111.0
Q7Z4B0,H112A,0.536,ambiguous,TTC21B,112.0
Q7Z4B0,H112C,0.3149,benign,TTC21B,112.0
Q7Z4B0,H112D,0.2125,benign,TTC21B,112.0
Q7Z4B0,H112E,0.4223,ambiguous,TTC21B,112.0
Q7Z4B0,H112F,0.634,pathogenic,TTC21B,112.0
Q7Z4B0,H112G,0.4267,ambiguous,TTC21B,112.0
Q7Z4B0,H112I,0.6409,pathogenic,TTC21B,112.0
Q7Z4B0,H112K,0.2791,benign,TTC21B,112.0
Q7Z4B0,H112L,0.3365,benign,TTC21B,112.0
Q7Z4B0,H112M,0.738,pathogenic,TTC21B,112.0
Q7Z4B0,H112N,0.12,benign,TTC21B,112.0
Q7Z4B0,H112P,0.2983,benign,TTC21B,112.0
Q7Z4B0,H112Q,0.34,benign,TTC21B,112.0
Q7Z4B0,H112R,0.1766,benign,TTC21B,112.0
Q7Z4B0,H112S,0.3253,benign,TTC21B,112.0
Q7Z4B0,H112T,0.4882,ambiguous,TTC21B,112.0
Q7Z4B0,H112V,0.625,pathogenic,TTC21B,112.0
Q7Z4B0,H112W,0.6333,pathogenic,TTC21B,112.0
Q7Z4B0,H112Y,0.2247,benign,TTC21B,112.0
